{"Cullompton": ["EX15"], "Deeside": ["CH5"], "Middlewich": ["CW10"], "Clacton-on-Sea": ["CO15", "CO16"], "Tenby": ["SA70"], "Purley": ["CR8"], "High Wycombe": ["HP15", "HP14", "HP13", "HP12", "HP11", "HP10"], "Rogart": ["IV28"], "Ashton-under-Lyne": ["OL5", "OL6", "OL7"], "Castlederg": ["BT81"], "Gravesend": ["DA12", "DA13", "DA11"], "Montrose": ["DD10"], "North Tawton": ["EX20"], "Broadstairs": ["CT10"], "Southwold": ["IP18"], "Exeter": ["EX6", "EX4", "EX5", "EX2", "EX3", "EX1"], "Rayleigh": ["SS6"], "Gorebridge": ["EH23"], "South Uist": ["HS8"], "Windsor": ["SL4"], "Sandy": ["SG19"], "Wimborne Minster": ["BH21"], "Yelverton": ["PL20"], "Atherstone": ["CV9"], "Newbridge": ["EH28"], "Filey": ["YO14"], "Kilmarnock": ["KA3", "KA2", "KA1"], "Newcastle upon Tyne": ["", "NE20", "NE27", "NE88", "NE83", "NE82", "NE85", "NE12", "NE13", "NE15", "NE16", "NE17", "NE18", "NE19", "NE98", "NE99", "NE6", "NE7", "NE4", "NE5", "NE2", "NE3", "NE1"], "Llandudno": ["LL30"], "Sandown": ["PO36"], "Grantown-on-Spey": ["PH26"], "Lymington": ["SO41"], "Longniddry": ["EH32"], "High Peak": ["SK22", "SK23"], "Liverpool": ["", "L18", "L19", "L14", "L15", "L16", "L17", "L10", "L11", "L12", "L13", "L73", "L74", "L21", "L20", "L23", "L22", "L25", "L24", "L27", "L26", "L29", "L28", "L70", "L67", "L71", "L69", "L68", "L6", "L7", "L4", "L5", "L2", "L3", "L1", "L75", "L8", "L9", "L36", "L37", "L32", "L33", "L72", "L31", "L38"], "New Malden": ["KT3"], "Wolverhampton": ["", "WV10", "WV8", "WV9", "WV2", "WV3", "WV1", "WV6", "WV7", "WV4", "WV5", "WV98", "WV11"], "Okehampton": ["EX20"], "Larne": ["BT40"], "Bruton": ["", "BA10", "BA9"], "Littleborough": ["", "OL16", "OL15"], "Shanklin": ["PO36", "", "PO37"], "Doncaster": ["", "DN11", "DN10", "DN55", "DN12", "DN5", "DN4", "DN7", "DN6", "DN1", "DN3", "DN2", "DN9", "DN8"], "Bedlington": ["NE22"], "R\u00f9m": ["PH43"], "Cannock": ["WS11", "WS12"], "Newton Abbot": ["TQ12", "TQ13"], "Doune": ["FK16"], "Cramlington": ["NE23"], "Kilmacolm": ["PA13"], "Kelso": ["TD5"], "Shipston-on-Stour": ["CV36", "CV37"], "Hinton St George": ["TA17"], "Horley": ["RH6"], "Hythe": ["CT21"], "Tamworth": ["B78", "B79", "B77"], "Lymm": ["WA13"], "Newcastleton": ["TD9"], "Northwood": ["HA6"], "Lydbrook": ["GL17"], "Brighton": ["", "BN2", "BN1", "BN51", "BN41", "BN42", "BN50", "BN45", "BN88"], "Mexborough": ["S64"], "Bodmin": ["PL31", "PL30"], "Penmaenmawr": ["LL34"], "Yarmouth": ["", "PO41", "PO30"], "Winsford": ["CW7"], "Pitlochry": ["", "PH16", "PH9", "PH17", "PH18"], "Clackmannan": ["FK10"], "Lisburn": ["BT28", "BT27"], "Potters Bar": ["EN6"], "Ormskirk": ["", "L40", "L39"], "Cheltenham": ["GL54", "GL52", "GL53", "GL50", "GL51"], "Boldon Colliery": ["NE35"], "Cowbridge": ["CF71"], "Llanarth": ["SA47"], "Houghton-le-Spring": ["DH5", "DH4"], "Berkhamsted": ["HP4"], "Blaydon-on-Tyne": ["NE21"], "Aberdyfi": ["LL35"], "Ferndown": ["BH22"], "Tyn-y-Gongl": ["LL74"], "Fivemiletown": ["BT75"], "Malton": ["YO17"], "Irvine": ["KA12", "KA11"], "Heckmondwike": ["WF16"], "Mirfield": ["WF14"], "Ruislip": ["HA4"], "Llangammarch Wells": ["LD4"], "Greenock": ["PA16", "PA15"], "Caledon": ["BT68"], "Matlock": ["DE4"], "Macduff": ["AB44"], "Westbury": ["BA13"], "Epsom": ["KT17", "KT18", "KT19"], "Cheddar": ["BS27"], "Beckenham": ["BR3"], "Thornton Heath": ["CR7"], "Kenilworth": ["CV8"], "Benbecula": ["HS7"], "Eye": ["", "IP21", "IP23"], "Llannerch-y-medd": ["LL71"], "Billingham": ["TS23", "TS22"], "Arthog": ["LL39"], "East Grinstead": ["RH19"], "Montgomery": ["SY15"], "Cornhill-on-Tweed": ["TD12"], "West Calder": ["EH55"], "Oldbury": ["B69", "B68"], "Porthcawl": ["CF36"], "Kendal": ["LA8", "LA9"], "Halstead": ["CO9"], "Helensburgh": ["G84"], "Wigan": ["WN2", "WN3", "WN1", "WN6", "WN4", "WN5", "WN8"], "Etchingham": ["TN19"], "Driffield": ["YO25"], "Harris": ["HS3", "HS5"], "Waterlooville": ["PO7", "PO8"], "Newnham on Severn": ["GL14"], "Camborne": ["TR14"], "Treorchy": ["CF42"], "Ledbury": ["HR8"], "Dumfries": ["DG2", "DG1"], "Criccieth": ["LL52"], "Worksop": ["S80", "S81"], "Thetford": ["IP25", "IP24", "IP26"], "Barnard Castle": ["DL12"], "Hartlepool": ["TS25", "TS24", "TS27", "TS26"], "Gretna": ["DG16"], "Sevenoaks": ["TN13", "TN15", "TN14"], "Queenborough": ["ME11"], "Bordon": ["GU35"], "Holt": ["NR25"], "Weston-super-Mare": ["BS23", "BS22", "BS24"], "Aylesford": ["", "ME20", "ME6"], "Aberdare": ["CF44"], "Betchworth": ["RH3", "RH4"], "Radlett": ["WD7"], "Rotherham": ["", "S97", "S66", "S65", "S62", "S63", "S60", "S61"], "Seaview": ["PO34"], "Bridgwater": ["TA5", "TA6", "TA7"], "Haverfordwest": ["SA62", "SA61"], "Chigwell": ["IG7", "", "IG8"], "Cambridge": ["", "CB25", "CB24", "CB21", "CB23", "CB22", "CB2", "CB3", "CB1", "CB4", "CB5"], "Melton Constable": ["NR24"], "Woking": ["GU22", "GU23", "GU21", "GU24"], "Poulton-le-Fylde": ["FY6"], "Bristol": ["", "BS20", "BS41", "BS40", "BS49", "BS48", "BS80", "BS8", "BS9", "BS4", "BS5", "BS6", "BS7", "BS0", "BS1", "BS2", "BS3", "BS30", "BS31", "BS32", "BS34", "BS35", "BS36", "BS37", "BS16", "BS39", "BS14", "BS15", "BS13", "BS10", "BS11", "BS98", "BS99"], "Dukinfield": ["SK16"], "Prenton": ["", "CH26", "CH43"], "Cranleigh": ["GU6"], "Loughborough": ["LE12", "LE11"], "Llandudno Junction": ["LL31"], "Chipping Campden": ["GL55"], "Ashtead": ["KT21"], "Princes Risborough": ["HP22", "", "HP27"], "Stanmore": ["HA7"], "Woolacombe": ["EX34"], "Newent": ["GL18"], "Penzance": ["", "TR20", "TR19", "TR18"], "Didcot": ["OX11"], "Troon": ["KA10"], "Selkirk": ["TD7"], "Tetbury": ["GL8"], "Caerphilly": ["CF83"], "Berriedale": ["KW7"], "Croydon": ["", "CR0", "CR9", "CR90", "CR44"], "Brecon": ["LD3"], "Sawbridgeworth": ["CM21"], "Pickering": ["YO18"], "Barnetby": ["DN38"], "Peacehaven": ["BN10"], "Sanquhar": ["DG4"], "Ashbourne": ["DE6"], "Truro": ["TR1", "TR3", "TR2", "TR4"], "Roybridge": ["PH31"], "Stroud": ["GL5", "GL6"], "Llanfairpwllgwyngyll": ["LL61"], "Boscastle": ["PL35"], "Kelty": ["KY4"], "Magherafelt": ["BT45"], "Ludlow": ["SY8"], "Amersham": ["HP7", "HP6"], "Buckley": ["CH7"], "Alston": ["CA9"], "Lewis": ["HS2"], "Fareham": ["PO14", "PO15", "PO16", "PO17"], "Catterick Garrison": ["DL9"], "Swaffham": ["PE37"], "Trowbridge": ["BA14"], "Port Isaac": ["PL29"], "Armagh": ["BT60", "BT61"], "Shoreham-by-Sea": ["BN43"], "Gairloch": ["IV21"], "Saltcoats": ["KA21"], "Bodorgan": ["LL62"], "Bexhill-on-Sea": ["", "TN39", "TN40"], "Fakenham": ["NR21"], "Hamilton": ["ML3"], "Hastings": ["TN35", "TN34"], "Orkney": ["KW17"], "Menai Bridge": ["LL59"], "Penrhyndeudraeth": ["LL48"], "Pembroke": ["SA71", "", "SA72"], "Rainham": ["RM13"], "Leven": ["KY9", "KY8"], "Wakefield": ["", "WF90", "WF2", "WF3", "WF1", "WF4"], "Havant": ["PO9"], "Bexley": ["DA5"], "Wilmslow": ["SK9"], "Pentraeth": ["LL75"], "Gloucester": ["", "GL19", "GL1", "GL2", "GL3", "GL4"], "Aldershot": ["GU12", "GU11"], "Washington": ["NE37", "NE38"], "Andover": ["SP10", "SP11"], "Llandovery": ["SA20"], "Stromness": ["KW16"], "Colonsay": ["PA61"], "Heathfield": ["TN21"], "Garve": ["IV23"], "Crieff": ["PH7", "PH6", "PH5"], "Narberth": ["SA67"], "Snodland": ["ME6"], "Grantham": ["NG31", "NG32", "NG33"], "Strathdon": ["AB36"], "Ivybridge": ["PL21"], "Kingston upon Thames": ["KT1", "KT2"], "Golspie": ["KW10"], "Horsham": ["RH13", "RH12"], "Waltham Abbey": ["EN9"], "Wantage": ["OX12"], "Rowlands Gill": ["NE39"], "Pwllheli": ["LL53"], "Darwen": ["BB3"], "Aberdeen": ["AB12", "", "AB10", "AB11", "AB16", "AB22", "AB21", "AB15", "AB25", "AB24", "AB23", "AB99"], "Bromsgrove": ["B61", "B60"], "Carlisle": ["", "CA3", "CA2", "CA1", "CA6", "CA5", "CA4", "CA99"], "Keighley": ["BD20", "BD21", "BD22"], "Llanybydder": ["SA40"], "Tring": ["HP23"], "Lochgelly": ["KY5"], "North Walsham": ["NR28"], "Renfrew": ["PA4"], "Colne": ["BB8"], "Bootle": ["", "L20", "L69", "L30", "L80"], "Salford": ["", "M60", "M50", "M5", "M7", "M6", "M3"], "Cowes": ["PO31"], "Devizes": ["SN10"], "Nuneaton": ["CV10", "CV11", "CV13"], "Enfield Town": ["EN1", "EN2", "EN3"], "Beaworthy": ["EX21"], "Elgin": ["IV30"], "Dollar": ["FK14"], "Worcester": ["", "WR99", "WR78", "WR6", "WR7", "WR4", "WR5", "WR2", "WR3", "WR1", "WR8"], "Hook": ["RG27", "RG29"], "Lifton": ["PL16"], "Wingate": ["TS28"], "Pembroke Dock": ["SA72"], "Rickmansworth": ["WD3"], "Roslin": ["EH25"], "Prescot": ["L34", "L35"], "Skye": ["", "IV49", "IV48", "IV55", "IV45", "IV44", "IV47", "IV46", "IV41", "IV43", "IV42", "IV56"], "Hebburn": ["NE31"], "Bembridge": ["PO35"], "New Alresford": ["SO24"], "Bourne End": ["SL8"], "Canna": ["PH44"], "Coulsdon": ["CR5"], "Liphook": ["GU30"], "Penarth": ["CF64"], "Prestwick": ["KA9"], "Markfield": ["LE67"], "Rochford": ["SS4"], "Kirkcudbright": ["DG6"], "Clevedon": ["BS21"], "Caernarfon": ["LL55", "LL54"], "Lyndhurst": ["", "SO43", "SO40"], "South Petherton": ["TA13"], "Kenley": ["CR8"], "Shildon": ["DL4"], "Sandringham": ["PE35"], "Kilwinning": ["KA13"], "Skelmorlie": ["PA17"], "Wedmore": ["BS28"], "Hexham": ["NE47", "NE46", "NE48"], "Spalding": ["PE12", "PE11"], "Leicester": ["", "LE87", "LE55", "LE21", "LE19", "LE41", "LE1", "LE2", "LE3", "LE4", "LE5", "LE6", "LE7", "LE8", "LE9", "LE94", "LE95"], "Ventnor": ["PO38"], "Coniston": ["LA21"], "Colyton": ["EX24"], "Winchelsea": ["TN36"], "Leigh-on-Sea": ["SS9"], "Crowborough": ["TN6"], "Gerrards Cross": ["SL9"], "Flint": ["CH6"], "Portstewart": ["BT55"], "Larbert": ["FK5"], "Tadworth": ["KT20"], "East Boldon": ["NE36"], "Peterlee": ["SR8"], "Barnsley": ["S71", "S70", "S73", "S72", "S75", "S74"], "Newbiggin-by-the-Sea": ["NE64"], "Callington": ["PL17"], "Warlingham": ["CR6"], "Haltwhistle": ["NE49"], "Bridgend": ["CF35", "CF32", "CF33", "CF31"], "Retford": ["DN22"], "Banff": ["AB45"], "Shotts": ["ML7"], "Wadhurst": ["", "TN5", "TN2"], "Crediton": ["EX17"], "Dolgellau": ["LL40"], "Corwen": ["LL21"], "Motherwell": ["ML1"], "Ulverston": ["LA12"], "Coalville": ["LE67"], "Llanfyrnach": ["SA35"], "Keith": ["AB55"], "Harrow": ["HA1", "HA2", "HA3"], "Templecombe": ["BA8"], "Carnoustie": ["DD7"], "Colwyn Bay": ["LL28", "LL29"], "Cobham": ["KT11"], "Chertsey": ["KT16"], "Lutterworth": ["LE17"], "Mablethorpe": ["LN12"], "Currie": ["EH14"], "Galston": ["KA4"], "Usk": ["NP15"], "Machynlleth": ["SY20"], "Bourne": ["PE10"], "Haslemere": ["GU27"], "Cemaes Bay": ["LL67"], "Ruthin": ["LL15"], "Great Cumbrae": ["KA28"], "Denbigh": ["LL16"], "Westhill": ["AB32"], "Ryton": ["NE40"], "Wadebridge": ["PL27"], "Billericay": ["CM12", "CM11"], "Tewkesbury": ["GL20"], "Melton Mowbray": ["LE13", "LE14"], "South Molton": ["EX36"], "Glenfinnan": ["PH37"], "Hillsborough": ["BT26"], "Wigston Magna": ["LE18"], "Burgess Hill": ["RH15"], "Askam-in-Furness": ["LA16"], "Bakewell": ["DE45"], "Ossett": ["WF5"], "Lechlade": ["GL7"], "Killin": ["FK21"], "Wishaw": ["ML2"], "Ballymoney": ["BT53"], "Maghera": ["BT46"], "Ibstock": ["LE67"], "Alnwick": ["NE66"], "Holsworthy": ["EX22"], "Edinburgh": ["EH6", "EH7", "EH4", "EH5", "EH2", "EH3", "", "EH1", "EH8", "EH9", "EH91", "EH95", "EH99", "EH10", "EH11", "EH12", "EH13", "EH14", "EH15", "EH16", "EH17"], "Worthing": ["", "BN14", "BN13", "BN12", "BN11", "BN91", "BN99"], "Mountain Ash": ["CF45"], "Calstock": ["PL18"], "Spennymoor": ["DL16"], "Annan": ["DG12"], "Yateley": ["GU46"], "Tonypandy": ["CF40"], "Sunderland": ["SR2", "SR3", "SR1", "SR6", "SR4", "SR5", "SR9"], "Whitstable": ["CT5"], "Balerno": ["EH14"], "Saffron Walden": ["CB10", "CB11"], "Chipping Ongar": ["CM5"], "Dundee": ["DD3", "DD2", "DD1", "DD5", "DD4"], "Broxburn": ["EH52"], "Ipswich": ["", "IP10", "IP2", "IP3", "IP1", "IP6", "IP7", "IP4", "IP5", "IP8", "IP9"], "Limavady": ["BT49"], "Falmouth": ["TR11"], "Oxted": ["RH8"], "Burry Port": ["SA16"], "Scalpay": ["HS4"], "Padstow": ["PL28"], "Chipping Barnet": ["EN4", "EN5"], "Bury": ["BL9", "BL0", "BL8"], "Solihull": ["B94", "B92", "B93", "B90", "B91"], "Invergarry": ["PH35"], "Jersey": ["", "JE2", "JE1", "JE4", "JE5", "JE3"], "Enniskillen": ["", "BT92", "BT74", "BT93", "BT94"], "Chessington": ["KT9"], "Bexleyheath": ["DA6", "DA7"], "Radstock": ["BA3"], "Watlington": ["OX49"], "Saltash": ["PL12"], "Hereford": ["HR4", "HR1", "HR3", "HR2"], "Southend-on-Sea": ["", "SS99", "SS1", "SS3", "SS2", "SS22"], "Bideford": ["EX39"], "Brixham": ["TQ5"], "Lossiemouth": ["IV31"], "Beccles": ["NR34"], "Sheffield": ["", "S9", "S8", "S3", "S2", "S1", "S7", "S6", "S5", "S4", "S13", "S12", "S11", "S36", "S17", "S14", "S97", "S96", "S95", "S10", "S99", "S98", "S20", "S21", "S26", "S25", "S35"], "Haverhill": ["CB9"], "Chippenham": ["SN14", "SN15"], "Abbots Langley": ["WD5"], "Loughton": ["IG10"], "Royal Tunbridge Wells": ["", "TN4", "TN1", "TN3", "TN2"], "Uttoxeter": ["ST14"], "Stourbridge": ["DY7", "DY8", "DY9"], "Wickford": ["SS11", "SS12"], "Bagillt": ["CH6"], "Normanton": ["", "WF10", "WF6"], "Dorking": ["", "RH5", "RH4"], "Mallaig": ["PH40", "PH41"], "Tilbury": ["RM18"], "Deal": ["CT14"], "Knebworth": ["SG3"], "Hatfield": ["", "AL10", "AL9"], "Campbeltown": ["PA28"], "Clitheroe": ["BB7"], "Banwell": ["BS29"], "Tadley": ["RG26"], "Leek": ["ST13"], "Hayling Island": ["PO11"], "Spilsby": ["PE23"], "Herne Bay": ["CT6"], "Bishop's Castle": ["SY9"], "Northwich": ["CW9", "CW8"], "Dunblane": ["FK15"], "Hayes": ["", "UB4", "UB3"], "Castlewellan": ["BT31"], "Rosewell": ["EH24"], "Helston": ["TR13", "TR12"], "Kirriemuir": ["DD8"], "Bath": ["BA2", "BA1"], "Prudhoe": ["NE42"], "Heanor": ["DE75"], "Chelmsford": ["", "CM99", "CM98", "CM92", "CM3", "CM2", "CM1"], "Carnforth": ["LA5", "LA6"], "Arlesey": ["SG15"], "Ashby-de-la-Zouch": ["LE65"], "Malpas": ["SY14"], "Southall": ["", "UB1", "UB2", "UB3"], "Wylam": ["NE41"], "Buxton": ["SK17"], "Robertsbridge": ["TN32"], "Newmilns": ["KA16"], "Clynderwen": ["SA66"], "Paisley": ["PA1", "PA2", "PA3"], "Sandhurst": ["GU47"], "Ystrad Meurig": ["SY25"], "Polegate": ["BN26"], "Egremont": ["CA22"], "Brora": ["KW9"], "Longhope": ["GL17"], "Islay": ["PA43", "PA42", "PA45", "PA44", "PA47", "PA46", "PA49", "PA48"], "Donaghadee": ["BT21"], "Badminton": ["GL9"], "Mold": ["CH7"], "Peterborough": ["", "PE8", "PE4", "PE5", "PE6", "PE7", "PE1", "PE2", "PE3", "PE99"], "Hebden Bridge": ["HX7"], "Lee-on-the-Solent": ["", "PO12", "PO13"], "Perth": ["", "PH2", "PH1", "PH14"], "Ulceby": ["DN39"], "Harpenden": ["AL5"], "Wymondham": ["NR18"], "Witney": ["OX29", "OX28"], "Llanelli": ["SA15", "SA14"], "Chatteris": ["PE16"], "Coleford": ["GL16"], "Lynmouth": ["EX35"], "Ottery St Mary": ["EX11"], "Halesworth": ["IP19"], "Nantwich": ["CW5"], "Llanon": ["SY23"], "Elland": ["", "HX1", "HX5"], "Axbridge": ["BS26"], "Gordon": ["TD3"], "Cleator Moor": ["CA25"], "Ilkley": ["LS29"], "Burton upon Trent": ["DE13", "DE14", "DE15"], "Wallasey": ["CH27", "", "CH45", "CH44"], "Watchet": ["TA23"], "Falkirk": ["FK1", "FK2"], "Emsworth": ["PO10"], "Knottingley": ["WF11"], "Stanley": ["", "DH9", "DH8"], "Ballindalloch": ["AB37"], "Shifnal": ["TF11"], "Augher": ["BT77"], "Ross-on-Wye": ["HR9"], "Craigavon": ["BT64", "BT65", "BT66", "BT67", "BT62", "BT63"], "Hengoed": ["CF82"], "Camelford": ["PL32"], "Burford": ["OX18"], "Newcastle-under-Lyme": ["", "ST5", "ST55"], "Peebles": ["EH45"], "Guisborough": ["TS14"], "Banbridge": ["BT32"], "Stone": ["ST15"], "Blakeney": ["GL15"], "Ferryhill": ["", "DL16", "DL17"], "Broadway": ["", "WR11", "WR12"], "Berwick-upon-Tweed": ["TD15"], "Much Hadham": ["SG10"], "Brampton": ["CA8"], "Sutton Coldfield": ["B72", "B73", "B74", "B75", "B76"], "Blaenau Ffestiniog": ["LL41"], "Paignton": ["TQ4", "TQ3"], "Lochearnhead": ["FK19"], "Llangefni": ["LL77"], "South Ockendon": ["RM15"], "Altrincham": ["WA15", "WA14"], "Ilminster": ["TA19"], "Gainsborough": ["DN21"], "South Shields": ["NE34", "NE33"], "Longfield": ["DA3"], "Torquay": ["TQ1", "TQ2"], "Bellshill": ["ML4"], "Royston": ["SG8"], "Crawley": ["", "RH77", "RH11", "RH10"], "Calne": ["SN11"], "Isle of Man": ["", "IM99", "IM1", "IM3", "IM2", "IM5", "IM4", "IM7", "IM6", "IM9", "IM8"], "Amlwch": ["LL68"], "Lyme Regis": ["DT7"], "Maidenhead": ["", "SL6", "SL60"], "Kirknewton": ["EH27"], "Keston": ["BR2"], "Llangollen": ["LL20"], "Betws-y-Coed": ["LL24"], "Fairford": ["GL7"], "Aylesbury": ["", "HP19", "HP18", "HP17", "HP20", "HP21", "HP22"], "Kidderminster": ["DY14", "DY10", "DY11"], "Newton-le-Willows": ["WA12"], "Marazion": ["TR17"], "Anstruther": ["KY10"], "Rugby": ["CV21", "CV23", "CV22"], "Felixstowe": ["IP11"], "Abergavenny": ["NP7"], "Kidwelly": ["SA17"], "Frodsham": ["WA6"], "Cottingham": ["HU16", "", "HU20"], "Dunstable": ["LU5", "LU6"], "British Forces Post Office": ["BF1"], "Ballycastle": ["BT54"], "Bagshot": ["GU19"], "Hailsham": ["BN27"], "Carshalton": ["SM5"], "Barry": ["CF63", "CF62"], "Barra": ["HS9"], "Knighton": ["LD7"], "Seaton": ["EX12"], "Llanrwst": ["LL26"], "Harwich": ["CO12"], "East Cowes": ["PO32"], "New Tredegar": ["NP24"], "Wrexham": ["LL14", "LL13", "LL12", "LL11"], "Thames Ditton": ["KT7"], "Wincanton": ["BA9"], "Juniper Green": ["EH14"], "Largs": ["", "KA29", "KA30"], "Sturminster Newton": ["DT10"], "Uckfield": ["TN22"], "Henfield": ["BN5"], "Welwyn Garden City": ["", "AL7", "AL8"], "South Queensferry": ["EH30"], "Sudbury": ["CO10"], "Lairg": ["IV27"], "Northolt": ["UB5"], "Winscombe": ["BS25"], "T\u0177 Croes": ["LL63"], "Highbridge": ["TA9"], "Manchester": ["", "M38", "M35", "M34", "M32", "M31", "M30", "M46", "M4", "M1", "M3", "M2", "M9", "M8", "M43", "M40", "M60", "M61", "M41", "M28", "M29", "M24", "M25", "M26", "M27", "M20", "M21", "M22", "M23", "M44", "M45", "M99", "M90", "M11", "M13", "M12", "M15", "M14", "M17", "M16", "M19", "M18"], "Bamburgh": ["", "NE66", "NE69"], "Fraserburgh": ["AB43"], "Walton-on-the-Naze": ["CO14"], "Winkleigh": ["EX19"], "Chepstow": ["NP16"], "Tavistock": ["PL19"], "Crowthorne": ["RG45"], "Tarbert": ["PA29"], "Mitcheldean": ["GL17"], "Leeds": ["", "LS98", "LS99", "LS18", "LS19", "LS10", "LS11", "LS12", "LS13", "LS14", "LS15", "LS16", "LS17", "LS6", "LS7", "LS4", "LS5", "LS2", "LS3", "LS1", "LS8", "LS9", "LS88", "LS20", "LS25", "LS27", "LS26"], "New Romney": ["TN28"], "Kinross": ["KY13"], "Harlow": ["", "CM19", "CM18", "CM17", "CM20"], "Runcorn": ["WA7"], "Haddington": ["EH41"], "Warminster": ["BA12"], "March": ["PE15"], "Redhill": ["RH1"], "Lewes": ["BN8", "BN7"], "Meifod": ["SY22"], "Cairndow": ["PA27", "PA26", "PA25", "PA24"], "Shepperton": ["TW17"], "Watford": ["", "WD25", "WD24", "WD17", "WD18", "WD19", "WD99"], "Maldon": ["CM9"], "Arrochar": ["G83"], "Bishop Auckland": ["DL14", "DL13"], "Windlesham": ["GU20"], "Umberleigh": ["EX37"], "Dursley": ["GL11"], "Moelfre": ["LL72"], "Lochgilphead": ["PA30", "PA31"], "Chorley": ["PR7", "PR6"], "Wisbech": ["PE14", "PE13"], "London Stansted Airport": ["CM24"], "Newton Aycliffe": ["DL5"], "Cleethorpes": ["DN35"], "Leominster": ["HR6"], "Batley": ["WF17"], "Brentford": ["TW8"], "Forest Row": ["RH18"], "Budleigh Salterton": ["EX9"], "Insch": ["AB52"], "Braintree": ["CM7", "", "CM77"], "Lancing": ["", "BN15", "BN99"], "Portree": ["IV51"], "Tonbridge": ["", "TN10", "TN11", "TN12", "TN9"], "Westcliff-on-Sea": ["SS1", "SS0"], "Corrour": ["PH30"], "Bishop's Stortford": ["CM22", "CM23"], "Lostwithiel": ["PL22"], "Dunoon": ["PA23"], "Clydebank": ["G81"], "Mindrum": ["TD12"], "Droitwich Spa": ["WR9"], "Leatherhead": ["KT23", "KT22", "KT24"], "Dunfermline": ["", "KY99", "KY12", "KY11"], "Chard": ["TA20"], "Brechin": ["DD9"], "Dalton-in-Furness": ["", "LA14", "LA15"], "Great Dunmow": ["CM7", "CM6", ""], "Dornoch": ["IV25"], "Skelmersdale": ["WN8"], "Aughnacloy": ["BT69"], "Freshwater": ["PO40"], "Hampton": ["TW12"], "Pudsey": ["LS28"], "Todmorden": ["OL14"], "Lybster": ["KW3", "KW2"], "Chipping Norton": ["OX7"], "Halesowen": ["B63", "B62"], "Workington": ["", "CA95", "CA14"], "Verwood": ["BH31"], "Galashiels": ["TD1"], "Llanwrda": ["SA19"], "Sandwich": ["CT13"], "Perranporth": ["TR6"], "Dunkeld": ["PH8"], "Reigate": ["RH2"], "Ebbw Vale": ["NP23"], "Llanymynech": ["SY22"], "Dymock": ["GL18"], "Newcastle": ["BT33"], "Port Glasgow": ["PA14"], "Maidstone": ["", "ME99", "ME15", "ME14", "ME17", "ME16", "ME18"], "Bargoed": ["CF81"], "Ardgay": ["IV24"], "Denny": ["FK6"], "Metropolitan Borough of Wirral": ["", "CH30", "CH31", "CH32", "CH63", "CH62", "CH61", "CH60", "CH29", "CH28", "CH47", "CH46", "CH49", "CH48"], "Waltham Cross": ["EN8", "", "EN77", "EN7"], "Sidcup": ["DA14", "DA15"], "Appin": ["PA38"], "Whitehaven": ["CA28"], "Thatcham": ["RG18", "RG19"], "Tenbury Wells": ["WR15"], "London": ["", "E18", "E11", "E10", "E13", "E12", "E15", "E14", "E17", "E16", "E98", "E77", "E9", "E8", "E5", "E4", "E7", "E6", "E1", "E3", "E2", "E20", "", "EC50", "EC4", "EC3", "EC2", "EC1", "", "N22", "N21", "N20", "N81", "N8", "N9", "N1", "N2", "N3", "N4", "N5", "N6", "N7", "N12", "N13", "N10", "N11", "N16", "N17", "N14", "N15", "N18", "N19", "", "NW4", "NW6", "NW7", "NW1", "NW2", "NW5", "NW10", "NW3", "NW8", "NW9", "NW11", "NW26", "", "SE19", "SE18", "SE13", "SE12", "SE11", "SE10", "SE17", "SE16", "SE15", "SE14", "SE7", "SE6", "SE5", "SE4", "SE3", "SE2", "SE1", "SE9", "SE8", "SE26", "SE27", "SE24", "SE25", "SE22", "SE23", "SE20", "SE21", "SE28", "", "SW14", "SW17", "SW16", "SW11", "SW10", "SW13", "SW12", "SW19", "SW18", "SW95", "SW15", "SW20", "SW9", "SW8", "SW1", "SW3", "SW2", "SW5", "SW4", "SW7", "SW6", "", "W14", "W13", "W12", "W11", "W10", "W7", "W6", "W5", "W4", "W3", "W2", "W1", "W9", "W8", "WC1", "", "WC2"], "Ferryside": ["SA17"], "Lasswade": ["EH18"], "Milltimber": ["AB13"], "Redcar": ["TS10", "TS11"], "Brandon": ["IP27"], "Whitchurch": ["RG28", "SY13"], "Aviemore": ["PH22"], "Swansea": ["", "SA80", "SA99", "SA9", "SA8", "SA3", "SA2", "SA1", "SA7", "SA6", "SA5", "SA4"], "Southwell": ["NG25"], "Brentwood": ["CM13", "CM15", "CM14"], "Turriff": ["AB53"], "Cleator": ["CA23"], "Isle of Portland": ["DT5"], "Newmarket": ["CB8"], "Louth": ["LN11"], "Aldeburgh": ["IP15"], "Shetland": ["ZE2", "ZE3", "ZE1"], "Oswestry": ["SY11", "SY10"], "Tranent": ["EH34", "EH35", "EH33"], "Ripley": ["DE5"], "Seaford": ["BN25"], "Windermere": ["LA23"], "Leigh": ["WN7"], "Holywell": ["CH8"], "Wednesbury": ["WS10"], "Inverness": ["", "IV63", "IV99", "IV5", "IV13", "IV2", "IV3", "IV1"], "St Bees": ["CA27"], "Boat of Garten": ["PH24"], "Newquay": ["TR8", "TR7"], "Grangemouth": ["FK3"], "Skipton": ["BD23", "BD24"], "Aberfeldy": ["PH15"], "Haywards Heath": ["RH17", "RH16"], "Tighnabruaich": ["PA21"], "Henley-in-Arden": ["B95"], "Bridgnorth": ["WV15", "WV16"], "Jarrow": ["NE32"], "Fishguard": ["SA65"], "Billingshurst": ["RH14"], "Ardrossan": ["KA22"], "Tidworth": ["SP9"], "Walsingham": ["NR22"], "Church Stretton": ["SY6"], "Macclesfield": ["SK11", "SK10"], "Mansfield": ["", "NG70", "NG21", "NG20", "NG18", "NG19"], "West Wickham": ["BR4"], "Canterbury": ["CT4", "CT1", "CT2", "CT3"], "Whitley Bay": ["NE25", "NE26"], "Saundersfoot": ["SA69"], "Frizington": ["CA26"], "Lancaster": ["LA1", "LA2"], "Romford": ["RM2", "RM3", "RM1", "RM6", "RM7", "RM4", "RM5"], "Llangadog": ["SA19"], "Faringdon": ["SN7"], "Stockbridge": ["SO20"], "Greenhithe": ["DA9"], "Baldock": ["SG7"], "Morpeth": ["NE65", "NE61"], "Craven Arms": ["SY7"], "Burnley": ["BB12", "BB11", "BB10"], "Sunbury-on-Thames": ["TW16"], "Caldicot": ["NP26"], "Minehead": ["TA24"], "St Columb Major": ["TR9"], "Swadlincote": ["DE12", "DE11"], "Dolwyddelan": ["LL25"], "Malvern": ["WR13", "WR14"], "Consett": ["DH8"], "Redruth": ["TR15", "TR16"], "Wellingborough": ["", "NN29", "NN9", "NN8"], "Sleaford": ["NG34"], "Wallington": ["SM6"], "Bewdley": ["DY12"], "Plymouth": ["PL7", "PL6", "PL5", "PL4", "PL3", "PL2", "PL1", "PL9", "PL8", "PL95", ""], "Fleetwood": ["FY7"], "St Asaph": ["LL17", "", "LL18"], "Builth Wells": ["LD2"], "Ammanford": ["SA18"], "Kingussie": ["PH21"], "Goodwick": ["SA64"], "Greenford": ["", "UB5", "UB6", "UB18"], "Neston": ["", "CH64", "CH33"], "Street": ["BA16"], "Maesteg": ["CF34"], "Grays": ["", "RM16", "RM17", "RM20"], "Swindon": ["", "SN99", "SN26", "SN6", "SN4", "SN5", "SN2", "SN3", "SN1", "SN25", "SN38"], "Cumnock": ["KA18"], "Blairgowrie and Rattray": ["PH13", "PH12", "PH11", "PH10"], "Northallerton": ["DL7", "DL6"], "Rochdale": ["OL12", "OL11", "OL16"], "Bridge of Weir": ["PA11"], "Hoddesdon": ["EN11"], "Hockley": ["SS5"], "Newtownabbey": ["", "BT37", "BT36", "BT58"], "Shepton Mallet": ["BA4"], "Kettering": ["NN16", "NN15", "NN14"], "Invergordon": ["IV18"], "Walkerburn": ["EH43"], "Luton": ["LU1", "LU2", "LU3", "LU4"], "Abertillery": ["NP13"], "Sale": ["M33"], "Tywyn": ["LL36"], "Shaftesbury": ["SP7"], "Lingfield": ["RH7"], "Chatham": ["ME5", "ME4"], "Axminster": ["EX13"], "Isle of Mull": ["", "PA74", "PA75", "PA70", "PA69", "PA68", "PA71", "PA63", "PA62", "PA72", "PA73", "PA67", "PA66", "PA65", "PA64"], "Witham": ["CM8"], "Nottingham": ["", "NG16", "NG10", "NG17", "NG80", "NG15", "NG11", "NG14", "NG90", "NG4", "NG5", "NG6", "NG7", "NG12", "NG1", "NG2", "NG3", "NG8", "NG9", "NG13"], "Eastbourne": ["BN22", "BN23", "BN20", "BN21"], "Montacute": ["TA15"], "Cwmbran": ["NP44"], "Redditch": ["B96", "B97", "B98"], "Bude": ["EX23"], "Welling": ["", "DA16", "DA7"], "Castle Cary": ["BA7"], "Neath": ["SA11", "SA10"], "Buckingham": ["MK18"], "Alford": ["AB33", "LN13"], "Stevenage": ["SG1", "SG2"], "Dulverton": ["TA22"], "Bury St Edmunds": ["", "IP32", "IP30", "IP31", "IP29", "IP28", "IP33"], "Llanrhystud": ["SY23"], "Menstrie": ["FK11"], "Godalming": ["GU8", "GU7"], "Battle": ["TN33"], "Alderley Edge": ["SK9"], "Tregaron": ["SY25"], "Northampton": ["NN7", "NN6", "NN5", "NN4", "NN3", "NN2", "NN1"], "Cupar": ["KY15", "KY14"], "Bures St. Mary": ["CO8"], "Ripon": ["HG4"], "St Leonards-on-Sea": ["TN38", "TN37"], "Southam": ["CV47"], "Bungay": ["NR35"], "Richmond": ["DL11", "DL10", "", "TW9", "TW10"], "Bradford on Avon": ["BA15"], "Ballymena": ["BT42", "BT43", "BT44"], "Conwy": ["", "LL31", "LL32"], "Banchory": ["AB31"], "Fort William": ["PH33"], "Llanidloes": ["SY18"], "Ballyclare": ["BT39"], "Avoch": ["IV9"], "St Albans": ["AL4", "AL2", "AL3", "AL1"], "Llanbedr": ["LL45"], "Llandysul": ["SA44"], "Ballater": ["AB35"], "Attleborough": ["NR17"], "Fleet": ["GU52", "GU51"], "Lochailort": ["PH38"], "Tayport": ["DD6"], "Bridlington": ["YO16", "YO15"], "Steyning": ["BN44"], "Ashford": ["TN23", "TN24", "TN25", "TN26", "TN27", "TW15"], "Brighouse": ["HD6"], "Wokingham": ["RG41", "RG40"], "Swanley": ["BR8"], "Scunthorpe": ["DN15", "DN17", "DN16"], "Llanfechain": ["SY22"], "Glasgow": ["", "G22", "G23", "G20", "G21", "G77", "G40", "G41", "G42", "G43", "G44", "G45", "G46", "G62", "G63", "G60", "G61", "G66", "G67", "G64", "G65", "G5", "G4", "G3", "G2", "G1", "G79", "G9", "G78", "G90", "G31", "G33", "G32", "G34", "G53", "G52", "G51", "G76", "G71", "G70", "G73", "G72", "G15", "G14", "G13", "G12", "G11", "G75", "G74", "G68", "G58", "G69"], "Ashington": ["NE63"], "Appleby-in-Westmorland": ["CA16"], "Exmouth": ["EX8"], "Inveraray": ["PA32"], "Dalkeith": ["EH22"], "Forres": ["IV36"], "Brough": ["HU15"], "Liss": ["GU33"], "Folkestone": ["", "CT50", "CT20", "CT18", "CT19"], "Sedbergh": ["LA10"], "Chalfont St Giles": ["HP8"], "Strathpeffer": ["IV14"], "Stowmarket": ["IP14"], "Chathill": ["NE67"], "Great Yarmouth": ["", "NR29", "NR31", "NR30"], "Pontyclun": ["CF72"], "Stromeferry": ["IV53"], "Lydbury North": ["SY7"], "Walton-on-Thames": ["KT12"], "Torpoint": ["PL11", "PL10"], "Frinton-on-Sea": ["CO13"], "Towcester": ["NN12"], "Aboyne": ["AB34"], "Talsarnau": ["LL47"], "Dingwall": ["", "IV16", "IV7", "IV15"], "Kingswinford": ["DY6"], "Mitcham": ["CR4"], "Tintagel": ["PL34"], "Eyemouth": ["TD14"], "Bromyard": ["HR7"], "Marlborough": ["SN8"], "Wareham": ["BH20"], "Leyland": ["PR25", "PR26"], "Birchington-on-Sea": ["", "CT7", "CT9"], "Dunbeath": ["KW6"], "Bournemouth": ["", "BH11", "BH10", "BH9", "BH8", "BH1", "BH3", "BH2", "BH5", "BH4", "BH7", "BH6"], "Sheringham": ["NR26"], "Diss": ["", "IP98", "IP21", "IP22"], "Midhurst": ["GU29"], "Gullane": ["EH31"], "Skegness": ["PE25", "PE24"], "Sutton-in-Ashfield": ["NG17"], "Moor Row": ["CA24"], "Bilston": ["WV14"], "Oldham": ["", "OL1", "OL2", "OL3", "OL4", "OL8", "OL9", "OL95"], "Tredegar": ["NP22"], "Crewkerne": ["TA18"], "Reading": ["", "RG1", "RG2", "RG4", "RG5", "RG6", "RG7", "RG8", "RG10", "RG30", "RG31", "RG19"], "Crymych": ["SA41"], "Dorchester": ["DT2", "DT1"], "Biggleswade": ["SG18"], "Ryde": ["PO33"], "Weybridge": ["KT13"], "Carrbridge": ["PH23"], "Shipley": ["", "BD18", "BD17", "BD98"], "Salcombe": ["TQ8"], "Dromore": ["BT25"], "Chinnor": ["OX39"], "Bonnyrigg": ["EH19"], "Ascot": ["SL5"], "Dalmally": ["PA33"], "West Molesey": ["KT8"], "Dinas Powys": ["CF64"], "Peterhead": ["AB42"], "Boston": ["PE22", "PE21", "PE20"], "Penrith": ["CA11", "CA10"], "Glossop": ["SK13"], "Corsham": ["", "SN13", "SN15"], "Derry": ["BT48", "BT47"], "Pershore": ["WR10"], "Twickenham": ["TW2", "TW1"], "Forsinard": ["KW13"], "St Agnes": ["TR5"], "Marian-glas": ["LL73"], "Crickhowell": ["", "NP7", "NP8"], "Sandbach": ["CW11"], "Aberlour": ["AB38"], "Staines-upon-Thames": ["TW18", "TW19"], "Port Talbot": ["SA13", "SA12"], "Fort Augustus": ["PH32"], "Sheerness": ["ME12"], "Stockport": ["SK5", "SK4", "SK7", "SK6", "SK1", "SK3", "SK2", "SK12", ""], "Cleckheaton": ["BD19"], "Carluke": ["ML8"], "Innerleithen": ["EH44"], "Chesham": ["HP5"], "Westbury-on-Severn": ["GL14"], "Crook": ["DL15"], "Lytham St Annes": ["FY8"], "Belper": ["DE56"], "Surbiton": ["KT5", "KT6"], "Delabole": ["PL33"], "Carterton": ["OX18"], "Sowerby Bridge": ["HX6"], "Beaconsfield": ["HP9"], "Tal-y-bont": ["SY24"], "Hitchin": ["", "SG5", "SG4", "SG6"], "Tillicoultry": ["FK13"], "Market Drayton": ["TF9"], "Guildford": ["GU3", "GU2", "GU1", "GU5", "GU4"], "New Milton": ["BH25"], "Kyle of Lochalsh": ["IV40"], "Rhyl": ["LL18"], "Castle Douglas": ["DG7"], "Heywood": ["OL10"], "Coventry": ["CV8", "CV6", "CV7", "CV4", "CV5", "CV2", "CV3", "CV1"], "Shefford": ["SG17"], "Pewsey": ["SN9"], "Forfar": ["DD8"], "Barking": ["IG11"], "Tiverton": ["EX16"], "Wetherby": ["LS23", "LS22"], "Barrow-in-Furness": ["LA14", "LA13"], "Llwyngwril": ["LL37"], "Bo'ness": ["EH51"], "Brigg": ["DN20"], "Saxmundham": ["IP17"], "Dartmouth": ["TQ6"], "Cromarty": ["IV11"], "Holywood": ["BT18"], "Glastonbury": ["BA6"], "Brackley": ["NN13"], "Milford Haven": ["SA73"], "Arundel": ["BN18"], "Whitby": ["YO22", "YO21"], "Duns": ["TD11", "TD10"], "Bedford": ["MK44", "MK45", "MK40", "MK41", "MK42", "MK43"], "Oakham": ["LE15"], "Lightwater": ["GU18"], "Riding Mill": ["NE44"], "Hessle": ["HU13"], "Antrim": ["BT41"], "Banstead": ["SM7"], "Newtownards": ["BT22", "BT23"], "Burnham-on-Crouch": ["CM0"], "Dalwhinnie": ["PH19"], "Heriot": ["EH38"], "Barnoldswick": ["", "BB18", "BB94"], "Llanfyllin": ["SY22"], "Kirkby Stephen": ["CA17"], "Lynton": ["EX35"], "Rochester": ["ME1", "ME3", "ME2"], "South Benfleet": ["SS7"], "Treharris": ["CF46"], "Tain": ["", "IV20", "IV19"], "West Byfleet": ["KT14"], "Slough": ["", "SL95", "SL1", "SL2", "SL3"], "Petersfield": ["GU31", "GU32"], "Prestonpans": ["EH32"], "Dagenham": ["", "RM8", "RM9", "RM10"], "Fortrose": ["IV10"], "Dereham": ["", "NR20", "NR19"], "Holmrook": ["CA19"], "Bridge of Orchy": ["PA36"], "Colchester": ["CO1", "CO3", "CO2", "CO5", "CO4", "CO7", "CO6"], "Merthyr Tydfil": ["CF47", "CF48"], "Southampton": ["", "SO97", "SO19", "SO18", "SO31", "SO30", "SO15", "SO14", "SO17", "SO16", "SO45", "SO40", "SO52", "SO32"], "Basingstoke": ["RG25", "RG24", "RG23", "RG22", "RG21", "RG28"], "Braunton": ["EX33"], "Yeovil": ["BA21", "BA20", "BA22"], "Buckie": ["AB56"], "King's Lynn": ["PE30", "PE31", "PE32", "PE33", "PE34"], "Thame": ["OX9"], "New Quay": ["SA45"], "Edenbridge": ["TN8"], "Borth": ["SY24"], "Broadstone": ["BH18"], "Downham Market": ["PE38"], "Thurso": ["KW14"], "Kirkcaldy": ["KY2", "KY1"], "Dartford": ["DA4", "", "DA10", "DA1", "DA2"], "Newton Stewart": ["DG8"], "Faversham": ["ME13"], "Crumlin": ["BT29"], "Farnborough": ["GU14"], "Buckhurst Hill": ["IG9"], "Daventry": ["NN11"], "Edgware": ["HA8"], "Mayfield": ["TN20"], "Barnstaple": ["EX32", "EX31"], "Saltburn-by-the-Sea": ["TS12", "TS13"], "Newtonmore": ["PH20"], "Kirkwall": ["KW15"], "Coll": ["PA78"], "Studley": ["B80"], "Hemel Hempstead": ["HP3", "HP2", "HP1"], "Trimdon Station": ["TS29"], "Clogher": ["BT76"], "Norwich": ["", "NR9", "NR8", "NR3", "NR2", "NR1", "NR7", "NR6", "NR5", "NR4", "NR19", "NR18", "NR16", "NR15", "NR14", "NR13", "NR12", "NR11", "NR10", "NR99", "NR28", "NR26"], "Kilgetty": ["SA68"], "Gunnislake": ["PL18"], "Blyth": ["NE24"], "Girvan": ["KA26"], "Stonehouse": ["GL10"], "Woodbridge": ["IP12", "IP13"], "Darvel": ["KA17"], "Lanark": ["ML11"], "Liversedge": ["", "WF15", "WF16"], "Isleworth": ["TW7"], "Uxbridge": ["", "UB8", "UB9", "UB10", "UB11"], "North Berwick": ["EH39"], "Trefriw": ["LL27"], "Stoke-sub-Hamdon": ["TA14"], "Thirsk": ["YO7"], "Barton-upon-Humber": ["DN18"], "Littlehampton": ["BN17", "BN16"], "Olney": ["MK46"], "Bucknell": ["SY7"], "Achnasheen": ["IV22"], "Aberaeron": ["SA48", "SA46"], "Berkeley": ["GL13"], "Kidlington": ["OX5"], "Milton Keynes": ["", "MK19", "MK13", "MK12", "MK11", "MK10", "MK17", "MK15", "MK14", "MK7", "MK6", "MK5", "MK4", "MK3", "MK2", "MK1", "MK77", "MK9", "MK8"], "Totland Bay": ["PO39"], "Oban": ["PA34", "", "PA37", "PA80"], "Pentre": ["CF41"], "Blandford Forum": ["DT11"], "Jura": ["PA60"], "Alexandria": ["G83"], "Rugeley": ["WS15"], "Wotton-under-Edge": ["", "GL12", "GL11"], "Evesham": ["WR11"], "Inverkeithing": ["KY11"], "Strathaven": ["ML10"], "Bognor Regis": ["PO21", "PO22"], "Llandeilo": ["SA19"], "Milnthorpe": ["LA7"], "Melrose": ["TD6"], "Wembley": ["HA0", "HA9"], "Buntingford": ["SG9"], "North Shields": ["NE29", "", "NE30"], "Rhosgoch": ["LL66"], "St Ives": ["PE27", "TR26"], "Southport": ["PR9", "PR8"], "Shrewsbury": ["", "SY99", "SY3", "SY2", "SY1", "SY5", "SY4"], "Looe": ["PL13"], "Bacup": ["OL13"], "Llanwrtyd Wells": ["LD5"], "Seahouses": ["NE68"], "Castleford": ["WF10"], "Huntly": ["AB54"], "Kirkliston": ["EH29"], "Epping": ["CM16"], "Prestatyn": ["LL19"], "Earlston": ["TD4"], "Glogue": ["SA36"], "Kingston upon Hull": ["", "HU10", "HU11", "HU4", "HU5", "HU6", "HU7", "HU12", "HU1", "HU2", "HU3", "HU8", "HU9"], "Ware": ["SG11", "SG12"], "Hertford": ["SG14", "SG13"], "Ely": ["CB6", "CB7"], "Scarborough": ["YO13", "YO12", "YO11"], "Esher": ["KT10"], "Morden": ["SM4"], "Strabane": ["BT82"], "Cromer": ["NR27"], "Burnham-on-Sea": ["TA8"], "Sutton": ["SM3", "SM2", "SM1"], "Immingham": ["DN40"], "Hartfield": ["TN7"], "Nairn": ["IV12"], "Bedale": ["DL8"], "Y Felinheli": ["LL56"], "Malmesbury": ["SN16"], "Preston": ["", "PR11", "PR5", "PR4", "PR1", "PR0", "PR3", "PR2"], "South Brent": ["", "TQ9", "TQ10"], "Stornoway": ["HS1"], "Cockburnspath": ["TD13"], "Huntingdon": ["PE29", "PE28", "PE26"], "Feltham": ["TW14", "TW13"], "Lauder": ["TD2"], "Presteigne": ["LD8"], "Acharacle": ["PH36"], "Thornton-Cleveleys": ["FY5"], "Petworth": ["GU28"], "Ilfracombe": ["EX34"], "Nethy Bridge": ["PH25"], "West Linton": ["EH46"], "Addlestone": ["KT15"], "Kings Langley": ["", "WD18", "WD4"], "Worcester Park": ["KT4"], "Cheadle": ["SK8"], "Gosport": ["", "PO12", "PO13"], "Biggar": ["ML12"], "Birkenhead": ["", "CH41", "CH25", "CH42"], "Isle of Arran": ["KA27"], "Stranraer": ["DG9"], "Maybole": ["KA19"], "Sittingbourne": ["", "ME10", "ME9"], "Bromley": ["BR2", "BR1"], "Ravenglass": ["CA18"], "Taunton": ["TA4", "TA1", "TA2", "TA3"], "Laurencekirk": ["AB30"], "Eastleigh": ["SO50", "SO53"], "Stamford": ["PE9"], "Mauchline": ["KA5"], "Derby": ["", "DE24", "DE1", "DE3", "DE23", "DE22", "DE21", "DE72", "DE73", "DE74", "DE65", "DE99"], "Cardiff": ["", "CF10", "CF14", "CF15", "CF11", "CF91", "CF23", "CF24", "CF30", "CF95", "CF99", "CF5", "CF3"], "Ellon": ["AB41"], "Bampton": ["OX18"], "Romney Marsh": ["TN29"], "Southsea": ["PO4", "PO5"], "Erith": ["", "DA8", "DA18"], "Belvedere": ["DA17"], "Munlochy": ["IV8"], "Kinbrace": ["KW11"], "Carmarthen": ["SA31", "SA33", "SA32"], "Dawlish": ["EX7"], "Totnes": ["TQ9"], "Horncastle": ["LN9"], "Abergele": ["LL22"], "Chesterfield": ["S44", "S45", "S40", "S41", "S42", "S43", "S49"], "Ferndale": ["CF43"], "Ruardean": ["GL17"], "Kinlochleven": ["PH50"], "Beith": ["KA15", "KA14"], "Portrush": ["BT56"], "Winchester": ["SO21", "SO22", "SO23"], "Hayle": ["TR27"], "Alcester": ["", "B50", "B49"], "Huddersfield": ["HD7", "HD5", "HD4", "HD3", "HD2", "HD1", "HD8"], "Colintraive": ["PA22"], "Penryn": ["TR10"], "Garndolbenmaen": ["LL51"], "Fordingbridge": ["SP6"], "Buckfastleigh": ["TQ11"], "Bonnybridge": ["FK4"], "West Kilbride": ["KA23"], "Moffat": ["DG10"], "Settle": ["BD24"], "Beverley": ["HU17"], "Lochwinnoch": ["PA12"], "Belford": ["NE70"], "Stoke-on-Trent": ["", "ST10", "ST11", "ST4", "ST6", "ST7", "ST12", "ST1", "ST2", "ST3", "ST8", "ST9"], "Hove": ["BN3", "", "BN52"], "Ambleside": ["LA22"], "Chichester": ["PO18", "PO19", "", "PO20"], "Ballachulish": ["PH49"], "Burntwood": ["WS7"], "Cranbrook": ["TN18", "TN17"], "Coleraine": ["BT51", "BT52"], "Corbridge": ["NE45"], "Coldstream": ["TD12"], "Dungannon": ["BT71", "BT70"], "Hinckley": ["LE10"], "Lowestoft": ["NR33", "NR32"], "Birmingham": ["", "B99", "B16", "B17", "B14", "B15", "B12", "B13", "B10", "B11", "B18", "B19", "B38", "B34", "B35", "B36", "B37", "B30", "B31", "B32", "B33", "B47", "B43", "B45", "B44", "B42", "B46", "B40", "B29", "B28", "B27", "B26", "B25", "B24", "B23", "B48", "B21", "B20", "B4", "B5", "B6", "B7", "B1", "B2", "B3", "B8", "B9"], "Whitland": ["SA34"], "Halifax": ["", "HX2", "HX1", "HX3", "HX4"], "Wigton": ["CA7"], "Carrickfergus": ["BT38"], "Drybrook": ["GL17"], "Pinner": ["HA5"], "Broxbourne": ["", "EN10", "EN11"], "Downpatrick": ["BT30"], "Chislehurst": ["BR7"], "Penysarn": ["LL69"], "Hornchurch": ["RM11", "RM12"], "Warrington": ["", "WA55", "WA5", "WA4", "WA3", "WA2", "WA1"], "Clarbeston Road": ["SA63"], "Aberystwyth": ["SY23"], "Alness": ["IV17"], "Pathhead": ["EH37"], "Stafford": ["", "ST21", "ST20", "ST16", "ST17", "ST18", "ST19"], "Alloa": ["FK10"], "Glenrothes": ["KY7", "KY6"], "Barrow upon Humber": ["DN19"], "Bishopton": ["PA7"], "Newry": ["BT35", "BT34"], "Ringwood": ["BH24"], "Langholm": ["DG13"], "Stirling": ["FK8", "FK9", "FK7"], "Romsey": ["SO51"], "Rhosneigr": ["", "LL64", "LL77"], "Brynteg": ["LL78"], "Stratford-upon-Avon": ["CV37"], "Jedburgh": ["TD8"], "Blackpool": ["", "FY2", "FY3", "FY0", "FY1", "FY4"], "Latheron": ["KW5"], "Salisbury": ["SP1", "SP2", "SP3", "SP4", "SP5"], "Arisaig": ["PH39"], "Weymouth": ["DT3", "DT4"], "Dunbar": ["EH42"], "Dudley": ["DY1", "DY2", "DY3"], "Cinderford": ["GL14"], "Warwick": ["CV34", "CV35"], "Llanbrynmair": ["SY19"], "Ayr": ["KA8", "KA7", "KA6"], "Welwyn": ["AL6", "AL7"], "Barmouth": ["LL42"], "Great Missenden": ["HP16"], "Johnstone": ["", "PA9", "PA10", "PA5", "PA6"], "Porth": ["CF39"], "Bathgate": ["EH47", "EH48"], "Much Wenlock": ["TF13"], "Newport-on-Tay": ["DD6"], "Great Torrington": ["EX38"], "Eigg": ["PH42"], "Seascale": ["CA20"], "Bridport": ["DT6"], "Kilbirnie": ["KA25"], "Teignmouth": ["TQ14"], "Gateshead": ["", "NE10", "NE11", "NE92", "NE8", "NE9"], "Dronfield": ["S18"], "York": ["", "YO10", "YO26", "YO30", "YO19", "YO32", "YO23", "YO41", "YO31", "YO90", "YO51", "YO42", "YO91", "YO62", "YO60", "YO61", "YO24", "YO1", "YO43"], "Cowdenbeath": ["KY4"], "Boncath": ["SA37"], "Hassocks": ["BN6"], "Rushden": ["NN10"], "Blackwood": ["NP12"], "Grimsby": ["", "DN41", "DN33", "DN32", "DN31", "DN37", "DN36", "DN34"], "Holyhead": ["LL65"], "Loanhead": ["EH20"], "Dumbarton": ["G82"], "Wooler": ["NE71"], "St Andrews": ["KY16"], "Dewsbury": ["WF12", "WF13"], "Rowland's Castle": ["PO9"], "Telford": ["TF8", "TF5", "TF4", "TF7", "TF6", "TF1", "TF3", "TF2"], "Strathcarron": ["IV54"], "Maryport": ["CA15"], "Llanbedrgoch": ["LL76"], "Iver": ["SL0"], "Alva": ["FK12"], "Hope Valley": ["S33", "S32"], "Penicuik": ["EH26"], "Martock": ["TA12"], "Hyde": ["SK14"], "Tadcaster": ["LS24"], "Woodhall Spa": ["LN10"], "Cardigan": ["SA43"], "Belfast": ["BT5", "BT4", "BT7", "BT6", "BT1", "BT14", "BT3", "BT2", "BT11", "BT9", "BT8", "BT10", "BT29", "BT12", "BT17", "BT16", "BT15", "BT13", ""], "Chulmleigh": ["EX18"], "Pontefract": ["WF8", "WF9", "WF7"], "Brockenhurst": ["SO42"], "Llandinam": ["SY17"], "Accrington": ["BB5"], "Beckermet": ["CA21"], "Newbury": ["", "RG14", "RG20"], "Llantwit Major": ["", "CF71", "CF61"], "Leyburn": ["DL8"], "St Austell": ["PL26", "PL25"], "Abingdon-on-Thames": ["OX14", "OX13"], "Isle of Bute": ["PA20"], "Beauly": ["IV4"], "Lincoln": ["LN5", "LN4", "LN6", "LN1", "LN3", "LN2"], "Cradley Heath": ["B64"], "Lampeter": ["SA48"], "Bedworth": ["CV12"], "Westerham": ["TN16"], "Stonehaven": ["AB39"], "Bolton": ["", "BL78", "BL5", "BL4", "BL7", "BL6", "BL1", "BL3", "BL2", "BL11"], "Ellesmere": ["SY12"], "Whyteleafe": ["CR3"], "Westgate-on-Sea": ["CT8"], "Thornhill": ["DG3"], "Par": ["PL24"], "Stourport-on-Severn": ["DY13"], "Alton": ["GU34"], "Stocksfield": ["NE43"], "Henley-on-Thames": ["RG9"], "Fochabers": ["IV32"], "Knutsford": ["WA16"], "Willenhall": ["", "WV1", "WV12", "WV13"], "North Ferriby": ["HU14"], "Broseley": ["TF12"], "Leighton Buzzard": ["LU7"], "Ballynahinch": ["BT24"], "East Linton": ["EH40"], "Bangor": ["BT19", "", "BT20", "LL57"], "St Helens": ["", "WA11", "WA10", "WA9"], "Knaresborough": ["HG5"], "Royal Leamington Spa": ["CV32", "CV33", "CV31"], "Smethwick": ["B67", "B66"], "Canvey Island": ["SS8"], "Bracknell": ["RG12", "", "RG42"], "Humbie": ["EH36"], "Brierley Hill": ["DY5"], "Pencader": ["SA39"], "West Drayton": ["", "UB7", "UB8"], "Ilford": ["IG6", "IG5", "IG4", "IG3", "IG2", "IG1"], "Honiton": ["EX14"], "Leiston": ["IP16"], "Rossendale": ["BB4"], "Newtown": ["SY16"], "Keswick": ["CA12"], "Yarm": ["TS15"], "Newport": ["NP20", "NP19", "", "NP18", "NP11", "NP10", "PO30", "SA42", "TF10"], "Larkhall": ["ML9"], "Cookstown": ["BT80"], "Wemyss Bay": ["PA18"], "Harleston": ["IP20"], "Canonbie": ["DG14"], "Kington": ["HR5"], "Darlington": ["DL3", "DL2", "DL1", "", "DL98"], "Borehamwood": ["WD6"], "Talybont": ["LL43"], "Burntisland": ["KY3"], "Wells-next-the-Sea": ["NR23"], "Pontypridd": ["CF37", "CF38"], "Hounslow": ["TW3", "TW6", "TW4", "TW5"], "Ilkeston": ["DE7"], "Market Rasen": ["LN7", "LN8"], "Pontypool": ["NP4"], "Fowey": ["PL23"], "Stevenston": ["KA20"], "Chester-le-Street": ["DH3", "DH2"], "Egham": ["TW20"], "Blackburn": ["BB6", "BB2", "BB1"], "Kingsbridge": ["TQ7"], "Lockerbie": ["DG11"], "Congleton": ["CW12"], "Hindhead": ["", "GU26", "GU27"], "Hawick": ["TD9"], "Portsmouth": ["PO6", "PO2", "PO3", "PO1"], "Middlesbrough": ["TS8", "TS9", "TS6", "TS7", "TS4", "TS5", "TS2", "TS3", "TS1"], "Iona": ["PA76"], "Langport": ["TA10"], "Gillingham": ["ME7", "ME8", "SP8"], "Newport Pagnell": ["MK16"], "Pulborough": ["RH20"], "Merriott": ["TA16"], "Ellesmere Port": ["CH34", "", "CH66", "CH65"], "Somerton": ["TA11"], "Widnes": ["", "WA88", "WA8"], "Purfleet": ["RM19"], "Monmouth": ["NP25"], "Letchworth": ["SG6"], "Inverurie": ["AB51"], "Gatwick Airport": ["RH6"], "Plockton": ["IV52"], "Llandrindod Wells": ["LD1"], "Moreton-in-Marsh": ["GL56"], "Bushmills": ["BT57"], "Hornsea": ["HU18"], "Withernsea": ["HU19"], "Cirencester": ["GL7"], "Wellington": ["TA21"], "Marlow": ["SL7"], "Llanfairfechan": ["LL33"], "Livingston": ["EH54", "EH53"], "Caterham": ["CR3"], "Guernsey": ["", "GY10", "GY7", "GY6", "GY5", "GY4", "GY3", "GY2", "GY1", "GY9", "GY8"], "Tiree": ["PA77"], "Cockermouth": ["CA13"], "Coatbridge": ["ML5"], "Fairbourne": ["LL38"], "Farnham": ["", "GU9", "GU10"], "Newark-on-Trent": ["NG23", "NG22", "NG24"], "Gigha": ["PA41"], "Beaminster": ["DT8"], "Linlithgow": ["EH49"], "Llansantffraid-ym-Mechain": ["SY22"], "Teddington": ["TW11"], "Tenterden": ["TN30"], "Oxford": ["", "OX4", "OX1", "OX2", "OX3", "OX44", "OX33"], "West Bromwich": ["B70", "B71"], "Lydney": ["GL15"], "Sherborne": ["DT9"], "Tipton": ["DY4"], "Southminster": ["CM0"], "Spean Bridge": ["PH34"], "Harrogate": ["HG2", "HG3", "HG1"], "Grange-over-Sands": ["LA11"], "Harlech": ["LL46"], "West Malling": ["", "ME19", "ME6"], "Wallingford": ["OX10"], "Sidmouth": ["EX10"], "Choppington": ["NE62"], "Pevensey": ["BN24"], "Alfreton": ["DE55"], "Kirkby-in-Furness": ["LA17"], "Crewe": ["", "CW1", "CW3", "CW2", "CW4", "CW98"], "Woodford Green": ["IG8"], "Erskine": ["PA8"], "Gaerwen": ["LL60"], "Dalbeattie": ["DG5"], "Dalry": ["KA24"], "Seaham": ["SR7"], "Musselburgh": ["EH21"], "Ramsgate": ["CT12", "CT11"], "East Molesey": ["KT8"], "St Neots": ["PE19"], "Bushey": ["WD23"], "Callander": ["FK18", "FK17"], "Nelson": ["BB9"], "Christchurch": ["BH23"], "Auchterarder": ["PH3", "PH4"], "Camberley": ["GU17", "GU16", "GU15", "GU95", ""], "Rowley Regis": ["B65"], "Durham": ["", "DH99", "DH98", "DH97", "DH8", "DH7", "DH6", "DH1"], "Virginia Water": ["GU25"], "Liskeard": ["PL14"], "Gourock": ["PA19"], "Orpington": ["BR6", "BR5"], "Millom": ["LA18", "LA19"], "Banbury": ["OX16", "OX17", "OX15"], "Market Harborough": ["LE16"], "Broughton-in-Furness": ["LA20"], "Holmfirth": ["HD9"], "Halkirk": ["KW12"], "Chester": ["", "CH70", "CH88", "CH1", "CH2", "CH3", "CH4", "CH99"], "Beaumaris": ["LL58"], "Bicester": ["OX27", "OX26", "OX25"], "Margate": ["CT9"], "Bingley": ["", "BD97", "BD16"], "Muir of Ord": ["IV6"], "Porthmadog": ["LL49"], "Selby": ["YO8"], "Swanage": ["BH19"], "Peterculter": ["AB14"], "Stanford-le-Hope": ["SS17"], "South Croydon": ["CR2"], "Basildon": ["SS13", "SS15", "SS14", "SS16"], "Morecambe": ["LA4", "LA3"], "Woodstock": ["OX20"], "Launceston": ["PL15"], "Wick": ["KW1"], "Caersws": ["SY17"], "Airdrie": ["ML6"], "Rhayader": ["LD6"], "Bow Street": ["SY24"], "Swanscombe": ["DA10"], "Bala": ["LL23"], "Bradford": ["", "BD11", "BD98", "BD10", "BD13", "BD99", "BD5", "BD4", "BD7", "BD6", "BD1", "BD14", "BD3", "BD2", "BD15", "BD9", "BD8", "BD12"], "Frome": ["BA11"], "Newcastle Emlyn": ["SA38"], "Welshpool": ["SY21"], "Isles of Scilly": ["TR24", "TR25", "TR21", "TR22", "TR23"], "Godstone": ["RH9"], "Poole": ["BH15", "BH14", "BH17", "BH16", "BH13", "BH12"], "Stalybridge": ["SK15"], "Walsall": ["WS1", "WS3", "WS2", "WS5", "WS4", "WS6", "WS9", "WS8"], "Dulas": ["LL70"], "Ullapool": ["IV26"], "Manningtree": ["CO11"], "Ingatestone": ["CM4"], "Hunstanton": ["PE36"], "Crianlarich": ["FK20"], "Helmsdale": ["KW8"], "Rye": ["TN31"], "Otley": ["LS21"], "Corby": ["NN18", "NN17"], "Tarporley": ["CW6"], "Omagh": ["BT79", "BT78"], "Taynuilt": ["PA35"], "Hawes": ["DL8"], "Wallsend": ["NE28"], "Lichfield": ["WS14", "WS13"], "Melksham": ["SN12"], "Goole": ["DN14"], "Wells": ["BA5"], "Henlow": ["SG16"], "Upminster": ["RM14"], "Arbroath": ["DD11"], "Hungerford": ["RG17"], "Dover": ["CT16", "CT17", "CT15"], "Dyffryn Ardudwy": ["LL44"], "Stockton-on-Tees": ["", "TS16", "TS17", "TS18", "TS19", "TS21", "TS20"], "North Uist": ["HS6"], "Newhaven": ["BN9"]}
