{"Wingate, County Durham": ["TS28"], "Cullompton": ["EX15"], "Royston, Hertfordshire": ["SG8"], "Deeside": ["CH5"], "Middlewich": ["CW10"], "Clacton-on-Sea": ["CO15", "CO16"], "Tenby": ["SA70"], "Liverpool": ["L1", "L2", "L3", "L4", "L5", "L6", "L7", "L8", "L9", "", "L10", "L11", "L12", "L13", "L14", "L15", "L16", "L17", "L18", "L19", "", "L20", "", "L21", "L22", "L23", "L24", "L25", "L26", "L27", "L28", "L29", "", "L31", "L32", "L33", "L36", "L37", "L38", "", "L67", "", "L68", "", "L69", "", "", "L70", "", "L71", "", "L72", "", "L73", "", "L74", "", "L75"], "High Wycombe": ["HP10", "HP11", "HP12", "HP13", "HP14", "HP15"], "Rogart": ["IV28"], "Brough, East Riding of Yorkshire": ["HU15"], "Ashton-under-Lyne": ["OL5", "OL6", "OL7"], "Castlederg": ["BT81"], "Epping, Essex": ["CM16"], "North Tawton": ["EX20"], "Broadstairs": ["CT10"], "Southwold": ["IP18"], "Exeter": ["EX1", "EX2", "EX3", "EX4", "EX5", "EX6"], "St Ives, Cambridgeshire": ["PE27"], "Gorebridge": ["EH23"], "South Uist": ["HS8"], "Penrith, Cumbria": ["CA10", "CA11"], "Wimborne Minster": ["BH21"], "Atherstone": ["CV9"], "Filey": ["YO14"], "Carterton, Oxfordshire": ["OX18"], "Kilmarnock": ["KA1", "KA2", "KA3"], "Newcastle upon Tyne": ["NE1", "NE2", "NE3", "NE4", "NE5", "NE6", "NE7", "", "NE12", "NE13", "NE15", "NE16", "NE17", "NE18", "NE19", "", "NE20", "NE27", "", "NE82", "", "NE83", "", "NE85", "", "NE88", "", "NE98", "", "NE99"], "Llandudno": ["LL30"], "Sandown": ["PO36"], "Grantown-on-Spey": ["PH26"], "Lymington": ["SO41"], "Longniddry": ["EH32"], "Richmond, North Yorkshire": ["DL10", "DL11"], "New Malden": ["KT3"], "Wolverhampton": ["WV1", "", "WV2", "WV3", "WV4", "WV5", "WV6", "WV7", "WV8", "WV9", "", "WV10", "WV11", "WV98"], "Okehampton": ["EX20"], "Larne": ["BT40"], "Bruton": ["BA9", "", "", "BA10"], "Doncaster": ["DN1", "DN2", "DN3", "DN4", "DN5", "DN6", "DN7", "DN8", "DN9", "", "DN10", "DN11", "DN12", "", "DN55"], "Bedlington": ["NE22"], "Cannock": ["WS11", "WS12"], "Newton Abbot": ["TQ12", "TQ13"], "Doune": ["FK16"], "Cramlington": ["NE23"], "Kilmacolm": ["PA13"], "Shipston-on-Stour": ["CV36", "CV37"], "Hinton St George": ["TA17"], "Penryn, Cornwall": ["TR10"], "Horley": ["RH6"], "Newcastleton": ["TD9"], "Lydbrook": ["GL17"], "Narberth, Pembrokeshire": ["SA67"], "Andover, Hampshire": ["SP10", "SP11"], "Brighton": ["BN1", "BN2", "", "BN41", "BN42", "BN45", "", "BN50", "", "BN51", "", "BN88"], "Mexborough": ["S64"], "Bodmin": ["PL30", "PL31"], "Penmaenmawr": ["LL34"], "Twickenham": ["TW1", "TW2"], "Winsford": ["CW7"], "Pitlochry": ["PH9", "", "PH16", "PH17", "PH18"], "Clackmannan": ["FK10"], "Lisburn": ["BT27", "BT28"], "Potters Bar": ["EN6"], "Dromore, County Down": ["BT25"], "Stone, Staffordshire": ["ST15"], "Ormskirk": ["L39", "", "L40"], "Cheltenham": ["GL50", "GL51", "GL52", "GL53", "GL54"], "Boldon Colliery": ["NE35"], "Cowbridge": ["CF71"], "Houghton-le-Spring": ["DH4", "DH5"], "Melrose, Scottish Borders": ["TD6"], "Berkhamsted": ["HP4"], "Blaydon-on-Tyne": ["NE21"], "Aberdyfi": ["LL35"], "Scalpay, Outer Hebrides": ["HS4"], "Tyn-y-Gongl": ["LL74"], "Fivemiletown": ["BT75"], "Heckmondwike": ["WF16"], "Mirfield": ["WF14"], "Ruislip": ["HA4"], "Llangammarch Wells": ["LD4"], "Greenock": ["PA15", "PA16"], "Matlock, Derbyshire": ["DE4"], "Dorchester, Dorset": ["DT1", "DT2"], "Epsom": ["KT17", "KT18", "KT19"], "Beckenham": ["BR3"], "Shefford, Bedfordshire": ["SG17"], "Lingfield, Surrey": ["RH7"], "Thornton Heath": ["CR7"], "Holsworthy, Devon": ["EX22"], "Kenilworth": ["CV8"], "Benbecula": ["HS7"], "Llannerch-y-medd": ["LL71"], "Billingham": ["TS22", "TS23"], "Arthog": ["LL39"], "East Grinstead": ["RH19"], "Huntingdon": ["PE26", "PE28", "PE29"], "Cornhill-on-Tweed": ["TD12"], "West Calder": ["EH55"], "Porthcawl": ["CF36"], "Kendal": ["LA8", "LA9"], "Halstead": ["CO9"], "Helensburgh": ["G84"], "Wigan": ["WN1", "WN2", "WN3", "WN4", "WN5", "WN6", "WN8"], "Etchingham": ["TN19"], "Driffield": ["YO25"], "Waterlooville": ["PO7", "PO8"], "Ashbourne, Derbyshire": ["DE6"], "Newnham on Severn": ["GL14"], "Seaford, East Sussex": ["BN25"], "Camborne": ["TR14"], "Treorchy": ["CF42"], "Ledbury": ["HR8"], "Dumfries": ["DG1", "DG2"], "Criccieth": ["LL52"], "Turriff": ["AB53"], "Thetford": ["IP24", "IP25", "IP26"], "Preston, Lancashire": ["PR0", "", "PR1", "PR2", "PR3", "PR4", "PR5", "", "PR11"], "Barnard Castle": ["DL12"], "Hartlepool": ["TS24", "TS25", "TS26", "TS27"], "Gordon, Scottish Borders": ["TD3"], "Sevenoaks": ["TN13", "TN14", "TN15"], "Ballynahinch, County Down": ["BT24"], "Queenborough": ["ME11"], "Bordon": ["GU35"], "Nottingham": ["NG1", "NG2", "NG3", "NG4", "NG5", "NG6", "NG7", "NG8", "NG9", "", "NG10", "NG11", "NG12", "NG13", "NG14", "NG15", "NG16", "NG17", "", "NG80", "", "NG90"], "Pontypridd": ["CF37", "CF38"], "Weston-super-Mare": ["BS22", "BS23", "BS24"], "Aberdare": ["CF44"], "Betchworth": ["RH3", "RH4"], "Chatham, Kent": ["ME4", "ME5"], "Rotherham": ["S60", "S61", "S62", "S63", "S65", "S66", "", "S97", ""], "Malpas, Cheshire": ["SY14"], "Bridgwater": ["TA5", "TA6", "TA7"], "Haverfordwest": ["SA61", "SA62"], "Chigwell": ["IG7", "IG8", ""], "Cambridge": ["CB1", "CB2", "CB3", "CB4", "CB5", "", "CB21", "CB22", "CB23", "CB24", "CB25"], "Melton Constable": ["NR24"], "Woking": ["GU21", "GU22", "GU23", "GU24"], "Talybont, Barmouth": ["LL43"], "Poulton-le-Fylde": ["FY6"], "Bristol": ["BS0", "", "BS1", "BS2", "BS3", "BS4", "BS5", "BS6", "BS7", "BS8", "BS9", "", "BS10", "BS11", "BS13", "BS14", "BS15", "BS16", "", "BS20", "", "BS30", "BS31", "BS32", "BS34", "BS35", "BS36", "BS37", "BS39", "", "BS40", "BS41", "BS48", "BS49", "", "BS80", "", "BS98", "", "BS99"], "Dukinfield": ["SK16"], "Prenton": ["CH26", "", "CH43"], "Livingston, West Lothian": ["EH53", "EH54"], "Tal-y-bont, Ceredigion": ["SY24"], "Cranleigh": ["GU6"], "Loughborough": ["LE11", "LE12"], "Haddington, East Lothian": ["EH41"], "Llandudno Junction": ["LL31"], "Chipping Campden": ["GL55"], "Ashtead": ["KT21"], "Princes Risborough": ["HP22", "", "", "HP27"], "Stanmore": ["HA7"], "Woolacombe": ["EX34"], "Newent": ["GL18"], "Penzance": ["TR18", "TR19", "", "TR20"], "Didcot": ["OX11"], "Troon": ["KA10"], "Tetbury": ["GL8"], "Caerphilly": ["CF83"], "Croydon": ["CR0", "CR9", "", "CR44", "", "CR90"], "Brecon": ["LD3"], "Sawbridgeworth": ["CM21"], "Fakenham": ["NR21"], "Barnetby": ["DN38"], "Denny, Falkirk": ["FK6"], "Sanquhar": ["DG4"], "Bishop%27s Stortford": ["CM22", "CM23"], "Roybridge": ["PH31"], "Stroud": ["GL5", "GL6"], "Llanfairpwllgwyngyll": ["LL61"], "Boscastle": ["PL35"], "Kelty": ["KY4"], "Magherafelt": ["BT45"], "Ludlow": ["SY8"], "Amersham": ["HP6", "HP7"], "Buckley": ["CH7"], "Galston, East Ayrshire": ["KA4"], "Lewis": ["HS2"], "Fareham": ["PO14", "PO15", "PO16", "PO17"], "Catterick Garrison": ["DL9"], "Swaffham": ["PE37"], "Falmouth, Cornwall": ["TR11"], "Trowbridge": ["BA14"], "Port Isaac": ["PL29"], "Armagh": ["BT60", "BT61"], "Winchelsea": ["TN36"], "Shoreham-by-Sea": ["BN43"], "Gairloch": ["IV21"], "Saltcoats": ["KA21"], "Bodorgan": ["LL62"], "Bexhill-on-Sea": ["TN39", "", "TN40"], "Coleraine": ["BT51", "BT52"], "Orkney": ["KW17"], "Menai Bridge": ["LL59"], "Penrhyndeudraeth": ["LL48"], "Malton, North Yorkshire": ["YO17"], "Gravesend, Kent": ["DA11", "DA12", "DA13"], "Wakefield": ["WF1", "WF2", "WF3", "WF4", "", "WF90"], "Havant": ["PO9"], "Bexley": ["DA5"], "Wilmslow": ["SK9"], "Pentraeth": ["LL75"], "Gloucester": ["GL1", "GL2", "GL3", "GL4", "", "GL19"], "Aldershot": ["GU11", "GU12"], "Llandovery": ["SA20"], "Stromness": ["KW16"], "Colonsay": ["PA61"], "Garve": ["IV23"], "Crieff": ["PH5", "PH6", "PH7"], "Banff, Aberdeenshire": ["AB45"], "Snodland": ["ME6"], "Bourne End, Buckinghamshire": ["SL8"], "Grantham": ["NG31", "NG32", "NG33"], "Strathdon": ["AB36"], "Mold, Flintshire": ["CH7"], "Ivybridge": ["PL21"], "Kingston upon Thames": ["KT1", "KT2"], "Golspie": ["KW10"], "Horsham": ["RH12", "RH13"], "Wantage": ["OX12"], "Rowlands Gill": ["NE39"], "Pwllheli": ["LL53"], "Gillingham, Kent": ["ME7", "ME8"], "Aberdeen": ["AB10", "AB11", "AB12", "AB15", "AB16", "", "AB21", "AB22", "AB23", "AB24", "AB25", "", "AB99"], "Bromsgrove": ["B60", "B61"], "Belford, Northumberland": ["NE70"], "Keighley": ["BD20", "BD21", "BD22"], "Llanybydder": ["SA40"], "Tring": ["HP23"], "Lochgelly": ["KY5"], "North Walsham": ["NR28"], "Renfrew": ["PA4"], "Colne": ["BB8"], "Bootle": ["L20", "", "L30", "", "L69", "", "", "L80", "", ""], "Cowes": ["PO31"], "Devizes": ["SN10"], "Nuneaton": ["CV10", "CV11", "CV13"], "Enfield Town": ["EN1", "EN2", "EN3"], "Cottingham, East Riding of Yorkshire": ["HU16", "", "HU20"], "Hayes, Hillingdon": ["UB3", "", "UB4"], "Beaworthy": ["EX21"], "Worcester": ["WR1", "WR2", "WR3", "WR4", "WR5", "WR6", "WR7", "WR8", "", "WR78", "", "WR99"], "Hatfield, Hertfordshire": ["AL9", "", "AL10"], "Pembroke Dock": ["SA72"], "Rickmansworth": ["WD3"], "Lymm": ["WA13"], "Prescot": ["L34", "L35"], "Skye": ["IV41", "IV42", "IV43", "IV44", "IV45", "IV46", "IV47", "IV48", "IV49", "", "IV55", "IV56"], "Hebburn": ["NE31"], "Bembridge": ["PO35"], "New Alresford": ["SO24"], "Great Dunmow": ["CM6", "CM7", ""], "Liphook": ["GU30"], "R%C3%B9m": ["PH43"], "Penarth": ["CF64"], "Prestwick": ["KA9"], "Markfield": ["LE67"], "Rochford": ["SS4"], "Kirkcudbright": ["DG6"], "Antrim, County Antrim": ["BT41"], "Clevedon": ["BS21"], "Caernarfon": ["LL54", "LL55"], "Aylesford": ["ME6", "", "ME20"], "South Petherton": ["TA13"], "Kenley": ["CR8"], "Shildon": ["DL4"], "Cheddar, Somerset": ["BS27"], "Kilwinning": ["KA13"], "Skelmorlie": ["PA17"], "Wedmore": ["BS28"], "Hexham": ["NE46", "NE47", "NE48"], "Leicester": ["LE1", "LE2", "LE3", "LE4", "LE5", "LE6", "LE7", "LE8", "LE9", "", "LE19", "", "LE21", "", "LE41", "", "LE55", "", "LE87", "", "LE94", "", "LE95"], "Ventnor": ["PO38"], "Rainham, London": ["RM13"], "Christchurch, Dorset": ["BH23"], "Leigh-on-Sea": ["SS9"], "Crowborough": ["TN6"], "Gerrards Cross": ["SL9"], "Harrow, London": ["HA1", "HA2", "HA3"], "Wallington, London": ["SM6"], "Hyde, Greater Manchester": ["SK14"], "Larbert": ["FK5"], "Tadworth": ["KT20"], "East Boldon": ["NE36"], "Peterlee": ["SR8"], "Barnsley": ["S70", "S71", "S72", "S73", "S74", "S75"], "Newbiggin-by-the-Sea": ["NE64"], "Tavistock, Devon": ["PL19"], "Warlingham": ["CR6"], "Haltwhistle": ["NE49"], "Bridgend": ["CF31", "CF32", "CF33", "CF35"], "Retford": ["DN22"], "Shotts": ["ML7"], "Crumlin, County Antrim": ["BT29"], "Wadhurst": ["TN2", "", "", "TN5"], "Dolgellau": ["LL40"], "Corwen": ["LL21"], "Motherwell": ["ML1"], "Ulverston": ["LA12"], "Coalville": ["LE67"], "Llanfyrnach": ["SA35"], "Eye, Suffolk": ["IP21", "", "IP23"], "Radstock": ["BA3"], "Templecombe": ["BA8"], "Carnoustie": ["DD7"], "Colwyn Bay": ["LL28", "LL29"], "Northwood, London": ["HA6"], "Chertsey": ["KT16"], "East Linton": ["EH40"], "Mablethorpe": ["LN12"], "Currie": ["EH14"], "Usk": ["NP15"], "Machynlleth": ["SY20"], "Haslemere": ["GU27"], "Cemaes Bay": ["LL67"], "Ruthin": ["LL15"], "Great Cumbrae": ["KA28"], "Denbigh": ["LL16"], "Battle, East Sussex": ["TN33"], "Wadebridge": ["PL27"], "Billericay": ["CM11", "CM12"], "Tewkesbury": ["GL20"], "Melton Mowbray": ["LE13", "LE14"], "South Molton": ["EX36"], "Glenfinnan": ["PH37"], "Wigston Magna": ["LE18"], "Burgess Hill": ["RH15"], "Askam-in-Furness": ["LA16"], "Bakewell": ["DE45"], "Ossett": ["WF5"], "Killin": ["FK21"], "Wishaw": ["ML2"], "Ballymoney": ["BT53"], "Maghera": ["BT46"], "Pembroke, Pembrokeshire": ["SA71", "SA72", ""], "Ibstock": ["LE67"], "Buntingford": ["SG9"], "Alnwick": ["NE66"], "Edinburgh": ["EH1", "EH2", "EH3", "EH4", "EH5", "EH6", "EH7", "EH8", "EH9", "", "EH10", "EH11", "EH12", "EH13", "EH14", "", "EH15", "EH16", "EH17", "", "EH91", "", "EH95", "", "EH99"], "Worthing": ["BN11", "BN12", "BN13", "BN14", "", "BN91", "", "BN99", ""], "Calstock": ["PL18"], "Spennymoor": ["DL16"], "Hemel Hempstead": ["HP1", "HP2", "HP3"], "Hope Valley, Derbyshire": ["S32", "S33"], "Yateley": ["GU46"], "Tonypandy": ["CF40"], "Whitstable": ["CT5"], "Balerno": ["EH14"], "Saffron Walden": ["CB10", "CB11"], "Strathcarron, Highland": ["IV54"], "St Ives, Cornwall": ["TR26"], "Chipping Ongar": ["CM5"], "Dundee": ["DD1", "DD2", "DD3", "DD4", "DD5"], "Ipswich": ["IP1", "IP2", "IP3", "IP4", "IP5", "IP6", "IP7", "IP8", "IP9", "", "IP10"], "Limavady": ["BT49"], "Oxted": ["RH8"], "Burry Port": ["SA16"], "Padstow": ["PL28"], "Chipping Barnet": ["EN4", "EN5"], "Bury": ["BL0", "BL8", "BL9"], "Stockbridge, Hampshire": ["SO20"], "Solihull": ["B90", "B91", "B92", "B93", "B94"], "Invergarry": ["PH35"], "Jersey": ["JE1", "", "JE2", "JE3", "JE4", "", "JE5"], "Enniskillen": ["BT74", "", "BT92", "BT93", "BT94"], "Chessington": ["KT9"], "Bexleyheath": ["DA6", "DA7"], "Settle, North Yorkshire": ["BD24"], "Biggleswade": ["SG18"], "Saltash": ["PL12"], "Hereford": ["HR1", "HR2", "HR3", "HR4"], "Southport": ["PR8", "PR9"], "Ulceby, North Lincolnshire": ["DN39"], "Southend-on-Sea": ["SS1", "", "SS2", "SS3", "", "SS22", "", "SS99"], "Bideford": ["EX39"], "Maldon, Essex": ["CM9"], "Brixham": ["TQ5"], "Lossiemouth": ["IV31"], "Llantwit Major": ["CF61", "", "CF71"], "Blackwood, Caerphilly": ["NP12"], "Beccles": ["NR34"], "Sheffield": ["S1", "S2", "S3", "S4", "S5", "S6", "S7", "S8", "S9", "", "S10", "S11", "S12", "S13", "S14", "S17", "", "S20", "S21", "S25", "S26", "", "S35", "S36", "", "S95", "", "S96", "", "S97", "", "", "S98", "", "S99"], "Chippenham": ["SN14", "SN15"], "Abbots Langley": ["WD5"], "Loughton": ["IG10"], "Royal Tunbridge Wells": ["TN1", "TN2", "", "TN3", "TN4"], "March, Cambridgeshire": ["PE15"], "Uttoxeter": ["ST14"], "Stourbridge": ["DY7", "DY8", "DY9"], "Wickford": ["SS11", "SS12"], "Crook, County Durham": ["DL15"], "Coleford, Gloucestershire": ["GL16"], "Bagillt": ["CH6"], "Dorking": ["RH4", "", "RH5"], "Whitchurch, Hampshire": ["RG28"], "Newport, Pembrokeshire": ["SA42"], "Mallaig": ["PH40", "PH41"], "Tilbury": ["RM18"], "Shipley, West Yorkshire": ["BD17", "BD18", "", "BD98", ""], "Knebworth": ["SG3"], "Honiton": ["EX14"], "Campbeltown": ["PA28"], "Clitheroe": ["BB7"], "Banwell": ["BS29"], "Tadley": ["RG26"], "Ascot, Berkshire": ["SL5"], "Liversedge": ["WF15", "WF16", ""], "Hayling Island": ["PO11"], "Spilsby": ["PE23"], "Rye, East Sussex": ["TN31"], "York": ["YO1", "", "YO10", "YO19", "", "YO23", "YO24", "YO26", "", "YO30", "YO31", "YO32", "", "YO41", "YO42", "YO43", "", "YO51", "", "YO60", "YO61", "YO62", "", "YO90", "", "YO91"], "Dunblane": ["FK15"], "Broadway, Worcestershire": ["WR11", "", "", "WR12"], "Castlewellan": ["BT31"], "Helston": ["TR12", "TR13"], "Kirriemuir": ["DD8"], "Prudhoe": ["NE42"], "Heanor": ["DE75"], "Chelmsford": ["CM1", "CM2", "CM3", "", "CM92", "", "CM98", "", "CM99"], "Carnforth": ["LA5", "LA6"], "Stoke-on-Trent": ["ST1", "ST2", "ST3", "ST4", "ST6", "ST7", "ST8", "ST9", "", "ST10", "ST11", "ST12"], "Llanfechain": ["SY22"], "Southall": ["UB1", "UB2", "UB3", ""], "Wylam": ["NE41"], "Buxton": ["SK17"], "Robertsbridge": ["TN32"], "Marlow, Buckinghamshire": ["SL7"], "Newmilns": ["KA16"], "Dartmouth, Devon": ["TQ6"], "Clynderwen": ["SA66"], "Paisley": ["PA1", "PA2", "PA3"], "Ystrad Meurig": ["SY25"], "Polegate": ["BN26"], "Brora": ["KW9"], "Longhope": ["GL17"], "Islay": ["PA42", "PA43", "PA44", "PA45", "PA46", "PA47", "PA48", "PA49"], "Donaghadee": ["BT21"], "Macduff, Aberdeenshire": ["AB44"], "Peterborough": ["PE1", "PE2", "PE3", "PE4", "PE5", "PE6", "PE7", "PE8", "", "PE99"], "Hebden Bridge": ["HX7"], "Lee-on-the-Solent": ["PO12", "", "", "PO13"], "Borehamwood": ["WD6"], "Harpenden": ["AL5"], "Witney": ["OX28", "OX29"], "Llanelli": ["SA14", "SA15"], "Chatteris": ["PE16"], "Lynmouth": ["EX35"], "Ottery St Mary": ["EX11"], "Halesworth": ["IP19"], "Nantwich": ["CW5"], "Llanon": ["SY23"], "Elland": ["HX1", "", "", "HX5"], "Wick, Highland": ["KW1"], "Axbridge": ["BS26"], "Cleator Moor": ["CA25"], "Ilkley": ["LS29"], "Burton upon Trent": ["DE13", "DE14", "DE15"], "Wallasey": ["CH27", "", "CH44", "CH45"], "Alston, Cumbria": ["CA9"], "Egremont, Cumbria": ["CA22"], "Watchet": ["TA23"], "Falkirk": ["FK1", "FK2"], "Emsworth": ["PO10"], "Wellington, Somerset": ["TA21"], "Knottingley": ["WF11"], "Ballindalloch": ["AB37"], "Morecambe": ["LA3", "LA4"], "Augher": ["BT77"], "Ross-on-Wye": ["HR9"], "Craigavon": ["BT62", "BT63", "BT64", "BT65", "BT66", "BT67"], "Hengoed": ["CF82"], "Camelford": ["PL32"], "Burford": ["OX18"], "Newcastle-under-Lyme": ["ST5", "", "ST55"], "Peebles": ["EH45"], "Newhaven, East Sussex": ["BN9"], "Banbridge": ["BT32"], "Coulsdon": ["CR5"], "Ferryhill": ["DL16", "", "", "DL17"], "Berwick-upon-Tweed": ["TD15"], "Much Hadham": ["SG10"], "Coniston, Cumbria": ["LA21"], "Sutton Coldfield": ["B72", "B73", "B74", "B75", "B76"], "Strathpeffer": ["IV14"], "Blaenau Ffestiniog": ["LL41"], "Paignton": ["TQ3", "TQ4"], "Lochearnhead": ["FK19"], "Llangefni": ["LL77"], "South Ockendon": ["RM15"], "Altrincham": ["WA14", "WA15"], "Hythe, Kent": ["CT21"], "Ilminster": ["TA19"], "Street, Somerset": ["BA16"], "Sandy, Bedfordshire": ["SG19"], "South Shields": ["NE33", "NE34"], "Longfield": ["DA3"], "Torquay": ["TQ1", "TQ2"], "Hook, Hart": ["RG27", "RG29"], "Bellshill": ["ML4"], "Crawley": ["RH10", "RH11", "", "RH77"], "Calne": ["SN11"], "Rowland%27s Castle": ["PO9"], "Isle of Man": ["IM1", "IM2", "IM3", "IM4", "IM5", "IM6", "IM7", "IM8", "IM9", "", "IM99"], "Amlwch": ["LL68"], "Lyme Regis": ["DT7"], "Maidenhead": ["SL6", "", "SL60"], "Marlborough, Wiltshire": ["SN8"], "Keston": ["BR2"], "Newport, Shropshire": ["TF10"], "Kington, Herefordshire": ["HR5"], "Moelfre, Anglesey": ["LL72"], "Llangollen": ["LL20"], "Sandringham, Norfolk": ["PE35"], "Betws-y-Coed": ["LL24"], "Fairford": ["GL7"], "Aylesbury": ["HP17", "HP18", "HP19", "", "HP20", "HP21", "HP22"], "Kidderminster": ["DY10", "DY11", "DY14"], "Newton-le-Willows": ["WA12"], "Marazion": ["TR17"], "Wallingford, Oxfordshire": ["OX10"], "Pickering, North Yorkshire": ["YO18"], "Anstruther": ["KY10"], "Felixstowe": ["IP11"], "Hounslow": ["TW3", "TW4", "TW5", "TW6"], "Abergavenny": ["NP7"], "Kidwelly": ["SA17"], "Frodsham": ["WA6"], "Dunstable": ["LU5", "LU6"], "Keith, Moray": ["AB55"], "British Forces Post Office": ["BF1"], "Bagshot": ["GU19"], "Hailsham": ["BN27"], "Carshalton": ["SM5"], "Barra": ["HS9"], "King%27s Lynn": ["PE30", "PE31", "PE32", "PE33", "PE34"], "Llanrwst": ["LL26"], "Harwich": ["CO12"], "East Cowes": ["PO32"], "New Tredegar": ["NP24"], "Wrexham": ["LL11", "LL12", "LL13", "LL14"], "Thames Ditton": ["KT7"], "Wincanton": ["BA9"], "Juniper Green": ["EH14"], "Largs": ["KA29", "", "KA30"], "Sturminster Newton": ["DT10"], "Uckfield": ["TN22"], "Henfield": ["BN5"], "Welwyn Garden City": ["AL7", "", "AL8"], "South Queensferry": ["EH30"], "Sale, Greater Manchester": ["M33"], "Lairg": ["IV27"], "Northolt": ["UB5"], "Winscombe": ["BS25"], "Manchester": ["M1", "M2", "M3", "", "M4", "M8", "M9", "", "M11", "M12", "M13", "M14", "M15", "M16", "M17", "M18", "M19", "", "M20", "M21", "M22", "M23", "M24", "M25", "M26", "M27", "M28", "M29", "", "M30", "M31", "M32", "M34", "M35", "M38", "", "M40", "M41", "M43", "M44", "M45", "M46", "", "M60", "", "", "M61", "", "M90", "M99"], "Portstewart": ["BT55"], "Bamburgh": ["NE66", "", "", "NE69"], "Ashford, Surrey": ["TW15"], "Walton-on-the-Naze": ["CO14"], "Winkleigh": ["EX19"], "Broxburn, West Lothian": ["EH52"], "Chepstow": ["NP16"], "Crowthorne": ["RG45"], "Reading, Berkshire": ["RG1", "RG2", "RG4", "RG5", "RG6", "RG7", "RG8", "", "RG10", "RG19", "", "RG30", "RG31"], "Mitcheldean": ["GL17"], "Leeds": ["LS1", "LS2", "LS3", "LS4", "LS5", "LS6", "LS7", "LS8", "LS9", "", "LS10", "LS11", "LS12", "LS13", "LS14", "LS15", "LS16", "LS17", "LS18", "LS19", "", "LS20", "LS25", "LS26", "LS27", "", "LS88", "", "LS98", "", "LS99"], "New Romney": ["TN28"], "Kinross": ["KY13"], "Harlow": ["CM17", "CM18", "CM19", "", "CM20"], "Runcorn": ["WA7"], "Warminster": ["BA12"], "Perth, Scotland": ["PH1", "PH2", "", "PH14"], "Lewes": ["BN7", "BN8"], "Meifod": ["SY22"], "Cairndow": ["PA24", "PA25", "PA26", "PA27"], "Shepperton": ["TW17"], "Watford": ["WD17", "WD18", "", "WD19", "", "WD24", "WD25", "", "WD99"], "Bishop Auckland": ["DL13", "DL14"], "Windlesham": ["GU20"], "Umberleigh": ["EX37"], "Annan, Dumfries and Galloway": ["DG12"], "Dursley": ["GL11"], "Lochgilphead": ["PA30", "PA31"], "Chorley": ["PR6", "PR7"], "Wisbech": ["PE13", "PE14"], "Stanley, County Durham": ["DH8", "", "DH9"], "London Stansted Airport": ["CM24"], "Dalry, North Ayrshire": ["KA24"], "Newton Aycliffe": ["DL5"], "Cleethorpes": ["DN35"], "Leominster": ["HR6"], "Batley": ["WF17"], "Brentford": ["TW8"], "Forest Row": ["RH18"], "Budleigh Salterton": ["EX9"], "Insch": ["AB52"], "Portree": ["IV51"], "Tonbridge": ["TN9", "", "TN10", "TN11", "TN12"], "Westcliff-on-Sea": ["SS0", "SS1"], "Corrour": ["PH30"], "Ripley, Derbyshire": ["DE5"], "Welshpool": ["SY21"], "Lostwithiel": ["PL22"], "Salford, Greater Manchester": ["M3", "", "M5", "M6", "M7", "", "M50", "", "M60", ""], "Dunoon": ["PA23"], "Par, Cornwall": ["PL24"], "Clydebank": ["G81"], "Mindrum": ["TD12"], "Droitwich Spa": ["WR9"], "Watlington, Oxfordshire": ["OX49"], "Leatherhead": ["KT22", "KT23", "KT24"], "Dunfermline": ["KY11", "", "KY12", "", "KY99"], "Llanarth, Ceredigion": ["SA47"], "Bampton, Oxfordshire": ["OX18"], "Dalton-in-Furness": ["LA14", "", "", "LA15"], "Dornoch": ["IV25"], "Skelmersdale": ["WN8"], "Deal, Kent": ["CT14"], "Pudsey": ["LS28"], "Todmorden": ["OL14"], "Lybster": ["KW2", "KW3"], "Montrose, Angus": ["DD10"], "Chipping Norton": ["OX7"], "Halesowen": ["B62", "B63"], "Workington": ["CA14", "", "CA95"], "Cardigan, Ceredigion": ["SA43"], "Barrow-in-Furness": ["LA13", "LA14"], "Ballycastle, County Antrim": ["BT54"], "Galashiels": ["TD1"], "Llanwrda": ["SA19"], "Perranporth": ["TR6"], "Dunkeld": ["PH8"], "Reigate": ["RH2"], "Ebbw Vale": ["NP23"], "Llanymynech": ["SY22"], "Dymock": ["GL18"], "Port Glasgow": ["PA14"], "Maidstone": ["ME14", "ME15", "ME16", "ME17", "ME18", "", "ME99"], "Bargoed": ["CF81"], "Ardgay": ["IV24"], "Metropolitan Borough of Wirral": ["CH28", "", "CH29", "", "CH30", "", "CH31", "", "CH32", "", "CH46", "CH47", "CH48", "CH49", "", "CH60", "CH61", "CH62", "CH63"], "Waltham Cross": ["EN7", "EN8", "", "EN77"], "Sidcup": ["DA14", "DA15"], "Woodbridge, Suffolk": ["IP12", "IP13"], "Appin": ["PA38"], "Blyth, Northumberland": ["NE24"], "T%C5%B7 Croes": ["LL63"], "Whitehaven": ["CA28"], "Rugby, Warwickshire": ["CV21", "CV22", "CV23"], "Thatcham": ["RG18", "RG19"], "Tenbury Wells": ["WR15"], "Holt, Norfolk": ["NR25"], "London": [["E1", "E1W", "", "E2", "E3", "E4", "E5", "E6", "E7", "E8", "E9", "", "E10", "E11", "E12", "E13", "E14", "E15", "E16", "E17", "E18", "", "E20", "E77", "", "E98"], ["EC1A", "EC1M", "EC1N", "EC1P", "", "EC1R", "EC1V", "EC1Y", "", "EC2A", "EC2M", "EC2N", "EC2P", "", "EC2R", "EC2V", "EC2Y", "", "EC3A", "EC3M", "EC3N", "EC3P", "", "EC3R", "EC3V", "", "EC4A", "EC4M", "EC4N", "EC4P", "", "EC4R", "EC4V", "EC4Y", "", "EC50"], ["N1", "N1C", "N1P", "", "N2", "N3", "N4", "N5", "N6", "N7", "N8", "N9", "", "N10", "N11", "N12", "N13", "N14", "N15", "N16", "N17", "N18", "N19", "", "N20", "N21", "N22", "", "N81"], ["NW1", "NW1W", "", "NW2", "NW3", "NW4", "NW5", "NW6", "NW7", "NW8", "NW9", "", "NW10", "NW11", "", "NW26"], ["SE1", "SE1P", "", "SE2", "SE3", "SE4", "SE5", "SE6", "SE7", "SE8", "SE9", "", "SE10", "SE11", "SE12", "SE13", "SE14", "SE15", "SE16", "SE17", "SE18", "SE19", "", "SE20", "SE21", "SE22", "SE23", "SE24", "SE25", "SE26", "SE27", "SE28"], ["SW1A", "SW1E", "SW1H", "SW1P", "SW1V", "SW1W", "SW1X", "SW1Y", "", "SW2", "SW3", "SW4", "SW5", "SW6", "SW7", "SW8", "SW9", "", "SW10", "SW11", "SW12", "SW13", "SW14", "SW15", "SW16", "SW17", "SW18", "SW19", "", "SW20", "", "SW95"], ["W1A", "", "W1B", "W1C", "W1D", "W1F", "W1G", "W1H", "W1J", "W1K", "W1S", "W1T", "W1U", "W1W", "", "W2", "W3", "W4", "W5", "W6", "W7", "W8", "W9", "", "W10", "W11", "W12", "W13", "W14"], ["WC1A", "WC1B", "WC1E", "WC1H", "WC1N", "WC1R", "WC1V", "WC1X", "", "WC2A", "WC2B", "WC2E", "WC2H", "WC2N", "WC2R"]], "Ferryside": ["SA17"], "Lasswade": ["EH18"], "Milltimber": ["AB13"], "Redcar": ["TS10", "TS11"], "Brandon, Suffolk": ["IP27"], "Widnes": ["WA8", "", "WA88"], "Aviemore": ["PH22"], "Swansea": ["SA1", "SA2", "SA3", "SA4", "SA5", "SA6", "SA7", "SA8", "SA9", "", "SA80", "", "SA99"], "Redhill, Surrey": ["RH1"], "Cleator": ["CA23"], "Isle of Portland": ["DT5"], "Aldeburgh": ["IP15"], "Shetland": ["ZE1", "ZE2", "ZE3"], "Oswestry": ["SY10", "SY11"], "Tranent": ["EH33", "EH34", "EH35"], "Pencader, Carmarthenshire": ["SA39"], "Westhill, Aberdeenshire": ["AB32"], "Holywell": ["CH8"], "Wednesbury": ["WS10"], "Letchworth": ["SG6"], "Waltham Abbey (town)": ["EN9"], "St Bees": ["CA27"], "Boat of Garten": ["PH24"], "Newquay": ["TR7", "TR8"], "Grangemouth": ["FK3"], "Skipton": ["BD23", "BD24"], "Haywards Heath": ["RH16", "RH17"], "Bangor, Gwynedd": ["LL57"], "Tighnabruaich": ["PA21"], "Caldicot, Monmouthshire": ["NP26"], "Henley-in-Arden": ["B95"], "Bridgnorth": ["WV15", "WV16"], "Jarrow": ["NE32"], "Fishguard": ["SA65"], "Leigh, Greater Manchester": ["WN7"], "Billingshurst": ["RH14"], "Ardrossan": ["KA22"], "Tidworth": ["SP9"], "Walsingham": ["NR22"], "Church Stretton": ["SY6"], "Macclesfield": ["SK10", "SK11"], "Mansfield": ["NG18", "NG19", "", "NG20", "NG21", "", "NG70"], "West Wickham": ["BR4"], "Canterbury": ["CT1", "CT2", "CT3", "CT4"], "Saundersfoot": ["SA69"], "Frizington": ["CA26"], "Haverhill, Suffolk": ["CB9"], "Romford": ["RM1", "RM2", "RM3", "RM4", "RM5", "RM6", "RM7"], "Llangadog": ["SA19"], "Faringdon": ["SN7"], "Stonehouse, Gloucestershire": ["GL10"], "Lyndhurst, Hampshire": ["SO40", "", "SO43"], "Greenhithe": ["DA9"], "Baldock": ["SG7"], "Bishopton, Renfrewshire": ["PA7"], "Craven Arms": ["SY7"], "Burnley": ["BB10", "BB11", "BB12"], "Sunbury-on-Thames": ["TW16"], "Minehead": ["TA24"], "St Columb Major": ["TR9"], "Swadlincote": ["DE11", "DE12"], "Consett": ["DH8"], "Redruth": ["TR15", "TR16"], "Wellingborough": ["NN8", "NN9", "", "NN29"], "Sleaford": ["NG34"], "Bewdley": ["DY12"], "Plymouth": ["PL1", "PL2", "PL3", "PL4", "PL5", "PL6", "PL7", "PL8", "PL9", "", "PL95"], "Fleetwood": ["FY7"], "St Asaph": ["LL17", "LL18", ""], "Builth Wells": ["LD2"], "Ammanford": ["SA18"], "Kingussie": ["PH21"], "Goodwick": ["SA64"], "Greenford": ["UB5", "", "", "UB6", "", "UB18"], "St Agnes, Cornwall": ["TR5"], "Dollar, Clackmannanshire": ["FK14"], "Maesteg": ["CF34"], "Grays": ["RM16", "RM17", "", "RM20"], "Swindon": ["SN1", "SN2", "SN3", "SN4", "SN5", "SN6", "", "SN25", "SN26", "", "SN38", "", "SN99"], "Cumnock": ["KA18"], "Blairgowrie and Rattray": ["PH10", "PH11", "PH12", "PH13"], "Northallerton": ["DL6", "DL7"], "Rochdale": ["OL11", "OL12", "OL16"], "Bridge of Weir": ["PA11"], "Hoddesdon": ["EN11"], "Hockley": ["SS5"], "Newtownabbey": ["BT36", "BT37", "", "BT58"], "Shepton Mallet": ["BA4"], "Kettering": ["NN14", "NN15", "NN16"], "Invergordon": ["IV18"], "Ferndown": ["BH22"], "Luton": ["LU1", "LU2", "LU3", "LU4"], "Abertillery": ["NP13"], "Radlett": ["WD7"], "Airdrie, North Lanarkshire": ["ML6"], "Dulas, Anglesey": ["LL70"], "Tywyn": ["LL36"], "Shaftesbury": ["SP7"], "Egham": ["TW20"], "Axminster": ["EX13"], "Isle of Mull": ["PA62", "PA63", "PA64", "PA65", "PA66", "PA67", "PA68", "PA69", "", "PA70", "PA71", "PA72", "PA73", "PA74", "PA75"], "Witham": ["CM8"], "Westbury, Wiltshire": ["BA13"], "Eastbourne": ["BN20", "BN21", "BN22", "BN23"], "Montacute": ["TA15"], "Cwmbran": ["NP44"], "Nelson, Lancashire": ["BB9"], "Redditch": ["B96", "B97", "B98"], "Bude": ["EX23"], "Welling": ["DA7", "", "", "DA16"], "Castle Cary": ["BA7"], "Neath": ["SA10", "SA11"], "Buckingham": ["MK18"], "Farnborough, Hampshire": ["GU14"], "Stevenage": ["SG1", "SG2"], "Dulverton": ["TA22"], "Bury St Edmunds": ["IP28", "IP29", "", "IP30", "IP31", "IP32", "IP33"], "Llanrhystud": ["SY23"], "Menstrie": ["FK11"], "Godalming": ["GU7", "GU8"], "Ely, Cambridgeshire": ["CB6", "CB7"], "Alderley Edge": ["SK9"], "Alton, Hampshire": ["GU34"], "Tregaron": ["SY25"], "Heathfield, East Sussex": ["TN21"], "Northampton": ["NN1", "NN2", "NN3", "NN4", "NN5", "NN6", "NN7"], "Cupar": ["KY14", "KY15"], "Bures St. Mary": ["CO8"], "Ripon": ["HG4"], "St Leonards-on-Sea": ["TN37", "TN38"], "Southam": ["CV47"], "Bungay": ["NR35"], "Bradford on Avon": ["BA15"], "Ballymena": ["BT42", "BT43", "BT44"], "Conwy": ["LL31", "", "LL32"], "Banchory": ["AB31"], "Crediton": ["EX17"], "Llanidloes": ["SY18"], "Ballyclare": ["BT39"], "Scarborough, North Yorkshire": ["YO11", "YO12", "YO13"], "Avoch": ["IV9"], "Sutton, London": ["SM1", "SM2", "SM3"], "Highbridge, Somerset": ["TA9"], "St Albans": ["AL1", "AL2", "AL3", "AL4"], "Llanbedr": ["LL45"], "Elgin, Moray": ["IV30"], "Normanton, West Yorkshire": ["WF6", "", "WF10"], "Llandysul": ["SA44"], "Ballater": ["AB35"], "Cranbrook, Kent": ["TN17", "TN18"], "Flint, Flintshire": ["CH6"], "Attleborough": ["NR17"], "Seaton, Devon": ["EX12"], "Lochailort": ["PH38"], "Tayport": ["DD6"], "Bridlington": ["YO15", "YO16"], "Steyning": ["BN44"], "Brighouse": ["HD6"], "Wokingham": ["RG40", "RG41"], "Swanley": ["BR8"], "Scunthorpe": ["DN15", "DN16", "DN17"], "Ashby-de-la-Zouch": ["LE65"], "Glasgow": ["G1", "G2", "G3", "G4", "G5", "G9", "", "G11", "G12", "G13", "G14", "G15", "", "G20", "G21", "G22", "G23", "", "G31", "G32", "G33", "G34", "", "G40", "G41", "G42", "G43", "G44", "G45", "G46", "", "G51", "G52", "G53", "G58", "", "G60", "G61", "G62", "G63", "G64", "G65", "G66", "G67", "G68", "G69", "", "G70", "", "G71", "G72", "G73", "G74", "G75", "G76", "G77", "G78", "G79", "", "G90"], "Ashington": ["NE63"], "Appleby-in-Westmorland": ["CA16"], "Exmouth": ["EX8"], "Inveraray": ["PA32"], "Dalkeith": ["EH22"], "Forres": ["IV36"], "Liss": ["GU33"], "Folkestone": ["CT18", "CT19", "", "CT20", "", "CT50"], "Sedbergh": ["LA10"], "Chalfont St Giles": ["HP8"], "Alford, Lincolnshire": ["LN13"], "Stowmarket": ["IP14"], "Chathill": ["NE67"], "Great Yarmouth": ["NR29", "", "NR30", "NR31"], "St Helens, Merseyside": ["WA9", "", "WA10", "WA11"], "Pontyclun": ["CF72"], "Stromeferry": ["IV53"], "Lydbury North": ["SY7"], "Walton-on-Thames": ["KT12"], "Torpoint": ["PL10", "PL11"], "Frinton-on-Sea": ["CO13"], "Towcester": ["NN12"], "Aboyne": ["AB34"], "Talsarnau": ["LL47"], "Bangor, County Down": ["BT19", "", "BT20"], "Dingwall": ["IV7", "", "IV15", "IV16"], "Kingswinford": ["DY6"], "Mitcham": ["CR4"], "Tintagel": ["PL34"], "Eyemouth": ["TD14"], "Bromyard": ["HR7"], "Montgomery, Powys": ["SY15"], "Neston": ["CH33", "", "CH64"], "Boston, Lincolnshire": ["PE20", "PE21", "PE22"], "Broadstone, Dorset": ["BH18"], "Hampton, London": ["TW12"], "Birchington-on-Sea": ["CT7", "CT9", ""], "Dunbeath": ["KW6"], "Bournemouth": ["BH1", "BH2", "BH3", "BH4", "BH5", "BH6", "BH7", "BH8", "BH9", "", "BH10", "BH11"], "Sheringham": ["NR26"], "Diss": ["IP21", "", "IP22", "", "IP98"], "Midhurst": ["GU29"], "Gullane": ["EH31"], "Skegness": ["PE24", "PE25"], "Sutton-in-Ashfield": ["NG17"], "Moor Row": ["CA24"], "Bilston": ["WV14"], "Oldham": ["OL1", "OL2", "OL3", "OL4", "OL8", "OL9", "", "OL95"], "Brechin": ["DD9"], "Tredegar": ["NP22"], "Newtown, Powys": ["SY16"], "Crewkerne": ["TA18"], "Crymych": ["SA41"], "Ryde": ["PO33"], "Malvern, Worcestershire": ["WR13", "WR14"], "Weybridge": ["KT13"], "Carrbridge": ["PH23"], "Salcombe": ["TQ8"], "Chinnor": ["OX39"], "Bonnyrigg": ["EH19"], "Whitley Bay": ["NE25", "NE26"], "Dalmally": ["PA33"], "West Molesey": ["KT8"], "Dinas Powys": ["CF64"], "Peterhead": ["AB42"], "Glossop": ["SK13"], "Corsham": ["SN13", "SN15", ""], "Derry": ["BT47", "BT48"], "Pershore": ["WR10"], "Knighton, Powys": ["LD7"], "Forsinard": ["KW13"], "Marian-glas": ["LL73"], "Crickhowell": ["NP7", "", "NP8"], "Sandbach": ["CW11"], "Aberlour": ["AB38"], "Staines-upon-Thames": ["TW18", "TW19"], "Port Talbot": ["SA12", "SA13"], "Fort Augustus": ["PH32"], "Sheerness": ["ME12"], "Stockport": ["SK1", "SK2", "SK3", "SK4", "SK5", "SK6", "SK7", "", "SK12"], "Cleckheaton": ["BD19"], "Carluke": ["ML8"], "Innerleithen": ["EH44"], "Chesham": ["HP5"], "Westbury-on-Severn": ["GL14"], "Lytham St Annes": ["FY8"], "Belper": ["DE56"], "Surbiton": ["KT5", "KT6"], "Delabole": ["PL33"], "Sowerby Bridge": ["HX6"], "Beaconsfield": ["HP9"], "Stamford, Lincolnshire": ["PE9"], "Ellesmere, Shropshire": ["SY12"], "Hitchin": ["SG4", "SG5", "SG6", ""], "Tillicoultry": ["FK13"], "Whitchurch, Shropshire": ["SY13"], "Market Drayton": ["TF9"], "Guildford": ["GU1", "GU2", "GU3", "GU4", "GU5"], "Mayfield, East Sussex": ["TN20"], "New Milton": ["BH25"], "Kyle of Lochalsh": ["IV40"], "Rhyl": ["LL18"], "Castle Douglas": ["DG7"], "Coventry": ["CV1", "CV2", "CV3", "CV4", "CV5", "CV6", "CV7", "CV8"], "Pewsey": ["SN9"], "Forfar": ["DD8"], "Barking": ["IG11"], "Wetherby": ["LS22", "LS23"], "Berkeley, Gloucestershire": ["GL13"], "Verwood": ["BH31"], "Llwyngwril": ["LL37"], "Yarmouth, Isle of Wight": ["PO30", "", "", "PO41"], "Brigg": ["DN20"], "Selkirk, Scottish Borders": ["TD7"], "Alexandria, West Dunbartonshire": ["G83"], "Saxmundham": ["IP17"], "Cromarty": ["IV11"], "Holywood": ["BT18"], "Edenbridge, Kent": ["TN8"], "Braintree, Essex": ["CM7", "", "CM77"], "Brackley": ["NN13"], "Milford Haven": ["SA73"], "Arundel": ["BN18"], "Whitby": ["YO21", "YO22"], "Duns": ["TD10", "TD11"], "Bedford": ["MK40", "MK41", "MK42", "MK43", "MK44", "MK45"], "Lancing, West Sussex": ["BN15", "", "BN99", ""], "Oakham": ["LE15"], "Tamworth, Staffordshire": ["B77", "B78", "B79"], "Lightwater": ["GU18"], "Riding Mill": ["NE44"], "Hessle": ["HU13"], "Banstead": ["SM7"], "Newtownards": ["BT22", "BT23"], "Burnham-on-Crouch": ["CM0"], "Dalwhinnie": ["PH19"], "Telford": ["TF1", "TF2", "TF3", "TF4", "TF5", "TF6", "TF7", "TF8"], "Lifton, Devon": ["PL16"], "Llanfyllin": ["SY22"], "Kirkby Stephen": ["CA17"], "Lynton": ["EX35"], "South Benfleet": ["SS7"], "Colyton, Devon": ["EX24"], "Treharris": ["CF46"], "Tain": ["IV19", "", "IV20"], "Gretna, Scotland": ["DG16"], "West Byfleet": ["KT14"], "Slough": ["SL1", "SL2", "SL3", "", "SL95"], "Petersfield": ["GU31", "GU32"], "Prestonpans": ["EH32"], "Dagenham": ["RM8", "RM9", "", "RM10"], "Fortrose": ["IV10"], "Dereham": ["NR19", "", "NR20"], "Holmrook": ["CA19"], "Bridge of Orchy": ["PA36"], "Colchester": ["CO1", "CO2", "CO3", "CO4", "CO5", "CO6", "CO7"], "Merthyr Tydfil": ["CF47", "CF48"], "Littleborough, Greater Manchester": ["OL15", "OL16", ""], "Basingstoke": ["RG21", "RG22", "RG23", "RG24", "RG25", "RG28"], "Braunton": ["EX33"], "Yeovil": ["BA20", "BA21", "BA22"], "Freshwater, Isle of Wight": ["PO40"], "Buckie": ["AB56"], "Thame": ["OX9"], "New Quay": ["SA45"], "Woodstock, Oxfordshire": ["OX20"], "Borth": ["SY24"], "Downham Market": ["PE38"], "Thurso": ["KW14"], "Kirkcaldy": ["KY1", "KY2"], "Dartford": ["DA1", "DA2", "DA4", "", "DA10"], "Newton Stewart": ["DG8"], "Faversham": ["ME13"], "Bracknell": ["RG12", "", "RG42"], "Buckhurst Hill": ["IG9"], "Daventry": ["NN11"], "Edgware": ["HA8"], "Barnstaple": ["EX31", "EX32"], "Saltburn-by-the-Sea": ["TS12", "TS13"], "Lincoln, England": ["LN1", "LN2", "LN3", "LN4", "LN5", "LN6"], "Newtonmore": ["PH20"], "Kirkwall": ["KW15"], "Coll": ["PA78"], "Purley, London": ["CR8"], "Bala, Gwynedd": ["LL23"], "Trimdon Station": ["TS29"], "Clogher": ["BT76"], "Norwich": ["NR1", "NR2", "NR3", "NR4", "NR5", "NR6", "NR7", "NR8", "NR9", "", "NR10", "NR11", "NR12", "NR13", "NR14", "NR15", "NR16", "NR18", "", "", "NR19", "", "", "NR26", "", "", "NR28", "", "", "NR99"], "Kilgetty": ["SA68"], "Gunnislake": ["PL18"], "Peacehaven": ["BN10"], "Girvan": ["KA26"], "Aberfeldy, Scotland": ["PH15"], "Truro": ["TR1", "TR2", "TR3", "TR4"], "Darvel": ["KA17"], "Lanark": ["ML11"], "Isleworth": ["TW7"], "Uxbridge": ["UB8", "", "UB9", "", "UB10", "UB11"], "North Berwick": ["EH39"], "Trefriw": ["LL27"], "Stoke-sub-Hamdon": ["TA14"], "Irvine, North Ayrshire": ["KA11", "KA12"], "Thirsk": ["YO7"], "Barton-upon-Humber": ["DN18"], "Littlehampton": ["BN16", "BN17"], "Fraserburgh": ["AB43"], "Achnasheen": ["IV22"], "Aberaeron": ["SA46", "SA48"], "Kidlington": ["OX5"], "Milton Keynes": ["MK1", "MK2", "MK3", "MK4", "MK5", "MK6", "MK7", "MK8", "MK9", "", "MK10", "MK11", "MK12", "MK13", "MK14", "MK15", "MK17", "MK19", "", "MK77"], "Totland Bay": ["PO39"], "Sandwich, Kent": ["CT13"], "Oban": ["PA34", "PA37", "", "PA80"], "Pentre": ["CF41"], "Blandford Forum": ["DT11"], "Rugeley": ["WS15"], "Wotton-under-Edge": ["GL11", "", "", "GL12"], "Brentwood, Essex": ["CM13", "CM14", "CM15"], "Evesham": ["WR11"], "Inverkeithing": ["KY11"], "Strathaven": ["ML10"], "Bognor Regis": ["PO21", "PO22"], "Llandeilo": ["SA19"], "Milnthorpe": ["LA7"], "Bow Street, Ceredigion": ["SY24"], "Lechlade": ["GL7"], "Pathhead, Midlothian": ["EH37"], "Wembley": ["HA0", "HA9"], "Durham, England": ["DH1", "DH6", "DH7", "DH8", "", "DH97", "", "DH98", "", "DH99"], "North Shields": ["NE29", "", "NE30"], "Windermere, Cumbria": ["LA23"], "Windsor, Berkshire": ["SL4"], "Shrewsbury": ["SY1", "SY2", "SY3", "SY4", "SY5", "", "SY99"], "Looe": ["PL13"], "Bacup": ["OL13"], "Llanwrtyd Wells": ["LD5"], "Seahouses": ["NE68"], "Castleford": ["WF10"], "Huntly": ["AB54"], "Kirkliston": ["EH29"], "Prestatyn": ["LL19"], "Earlston": ["TD4"], "Glogue": ["SA36"], "Kingston upon Hull": ["HU1", "HU2", "HU3", "HU4", "HU5", "HU6", "HU7", "HU8", "HU9", "", "HU10", "HU11", "HU12"], "Wymondham": ["NR18"], "Hertford": ["SG13", "SG14"], "Ellon, Aberdeenshire": ["AB41"], "Esher": ["KT10"], "Morden": ["SM4"], "Strabane": ["BT82"], "Cromer": ["NR27"], "Burnham-on-Sea": ["TA8"], "Immingham": ["DN40"], "Jura, Scotland": ["PA60"], "Kelso, Scottish Borders": ["TD5"], "Hartfield": ["TN7"], "Nairn": ["IV12"], "Blakeney, Gloucestershire": ["GL15"], "Bedale": ["DL8"], "Y Felinheli": ["LL56"], "Malmesbury": ["SN16"], "South Brent": ["TQ9", "", "", "TQ10"], "Stornoway": ["HS1"], "Cockburnspath": ["TD13"], "Gainsborough, Lincolnshire": ["DN21"], "Feltham": ["TW13", "TW14"], "Lauder": ["TD2"], "Presteigne": ["LD8"], "Acharacle": ["PH36"], "Thornton-Cleveleys": ["FY5"], "Petworth": ["GU28"], "Ilfracombe": ["EX34"], "Nethy Bridge": ["PH25"], "West Linton": ["EH46"], "Addlestone": ["KT15"], "Kings Langley": ["WD4", "WD18", ""], "Worcester Park": ["KT4"], "Spalding, Lincolnshire": ["PE11", "PE12"], "Gosport": ["PO12", "", "PO13"], "Newcastle, County Down": ["BT33"], "Birkenhead": ["CH25", "", "CH41", "CH42"], "Isle of Arran": ["KA27"], "Stranraer": ["DG9"], "Maybole": ["KA19"], "Sittingbourne": ["ME9", "", "ME10"], "Bromley": ["BR1", "BR2"], "Ravenglass": ["CA18"], "Bourne, Lincolnshire": ["PE10"], "Taunton": ["TA1", "TA2", "TA3", "TA4"], "Badminton, Gloucestershire": ["GL9"], "Laurencekirk": ["AB30"], "Eastleigh": ["SO50", "SO53"], "Dolwyddelan": ["LL25"], "Mauchline": ["KA5"], "Derby": ["DE1", "DE3", "", "DE21", "DE22", "DE23", "DE24", "", "DE65", "", "DE72", "DE73", "DE74", "", "DE99"], "Cardiff": ["CF3", "CF5", "", "CF10", "CF11", "CF14", "CF15", "", "CF23", "CF24", "", "CF30", "", "CF91", "", "CF95", "", "CF99"], "Sunderland, Tyne and Wear": ["SR1", "SR2", "SR3", "SR4", "SR5", "SR6", "SR9"], "Walkerburn": ["EH43"], "Romney Marsh": ["TN29"], "Southsea": ["PO4", "PO5"], "Erith": ["DA8", "", "DA18"], "Munlochy": ["IV8"], "Kinbrace": ["KW11"], "Carmarthen": ["SA31", "SA32", "SA33"], "Dawlish": ["EX7"], "Totnes": ["TQ9"], "Roslin, Midlothian": ["EH25"], "Abergele": ["LL22"], "Chesterfield": ["S40", "S41", "S42", "S43", "S44", "S45", "S49"], "Ruardean": ["GL17"], "Ashford, Kent": ["TN23", "TN24", "TN25", "TN26", "TN27"], "Kinlochleven": ["PH50"], "Beith": ["KA14", "KA15"], "Wareham, Dorset": ["BH20"], "Biggar, South Lanarkshire": ["ML12"], "Portrush": ["BT56"], "Newport, Isle of Wight": ["PO30"], "Harris, Scotland": ["HS3", "HS5"], "Winchester": ["SO21", "SO22", "SO23"], "Morpeth, Northumberland": ["NE61", "NE65"], "Hayle": ["TR27"], "Alcester": ["B49", "", "B50"], "Huddersfield": ["HD1", "HD2", "HD3", "HD4", "HD5", "HD7", "HD8"], "Arrochar, Argyll": ["G83"], "Colintraive": ["PA22"], "Garndolbenmaen": ["LL51"], "Fordingbridge": ["SP6"], "Buckfastleigh": ["TQ11"], "Bonnybridge": ["FK4"], "West Kilbride": ["KA23"], "Glastonbury": ["BA6"], "Moffat": ["DG10"], "Beverley": ["HU17"], "Lochwinnoch": ["PA12"], "Arlesey": ["SG15"], "Hove": ["BN3", "", "BN52"], "Ambleside": ["LA22"], "Chichester": ["PO18", "PO19", "", "PO20"], "Seaview, Isle of Wight": ["PO34"], "Ballachulish": ["PH49"], "Burntwood": ["WS7"], "Bath, Somerset": ["BA1", "BA2"], "Corbridge": ["NE45"], "Coldstream": ["TD12"], "Rayleigh, Essex": ["SS6"], "Dungannon": ["BT70", "BT71"], "Hinckley": ["LE10"], "Lowestoft": ["NR32", "NR33"], "Birmingham": ["B1", "B2", "B3", "B4", "B5", "B6", "B7", "B8", "B9", "", "B10", "B11", "B12", "B13", "B14", "B15", "B16", "B17", "B18", "B19", "", "B20", "B21", "B23", "B24", "B25", "B26", "B27", "B28", "B29", "", "B30", "B31", "B32", "B33", "B34", "B35", "B36", "B37", "B38", "", "B40", "B42", "B43", "B44", "B45", "B46", "B47", "B48", "", "B99"], "Whitland": ["SA34"], "Wigton": ["CA7"], "Carrickfergus": ["BT38"], "Drybrook": ["GL17"], "Pinner": ["HA5"], "Broxbourne": ["EN10", "EN11", ""], "Downpatrick": ["BT30"], "Barry, Vale of Glamorgan": ["CF62", "CF63"], "Chislehurst": ["BR7"], "Penysarn": ["LL69"], "Hornchurch": ["RM11", "RM12"], "Warrington": ["WA1", "WA2", "WA3", "WA4", "WA5", "", "WA55"], "Clarbeston Road": ["SA63"], "Aberystwyth": ["SY23"], "Alness": ["IV17"], "Stafford": ["ST16", "ST17", "ST18", "ST19", "", "ST20", "ST21"], "Alloa": ["FK10"], "Glenrothes": ["KY6", "KY7"], "Barrow upon Humber": ["DN19"], "Newry": ["BT34", "BT35"], "Ringwood": ["BH24"], "Langholm": ["DG13"], "Stirling": ["FK7", "FK8", "FK9"], "Romsey": ["SO51"], "Rhosneigr": ["LL64", "", "LL77", ""], "Oldbury, West Midlands": ["B68", "B69"], "Stratford-upon-Avon": ["CV37"], "Jedburgh": ["TD8"], "Blackpool": ["FY0", "", "FY1", "FY2", "FY3", "FY4"], "Latheron": ["KW5"], "Salisbury": ["SP1", "SP2", "SP3", "SP4", "SP5"], "Arisaig": ["PH39"], "Newmarket, Suffolk": ["CB8"], "Dunbar": ["EH42"], "High Peak, Derbyshire": ["SK22", "SK23"], "Dudley": ["DY1", "DY2", "DY3"], "Cinderford": ["GL14"], "Warwick": ["CV34", "CV35"], "Brampton, Carlisle": ["CA8"], "Llanbrynmair": ["SY19"], "Ayr": ["KA6", "KA7", "KA8"], "Rochester, Kent": ["ME1", "ME2", "ME3"], "Welwyn": ["AL6", "AL7"], "Barmouth": ["LL42"], "Keswick, Cumbria": ["CA12"], "Great Missenden": ["HP16"], "Newbridge, Edinburgh": ["EH28"], "Johnstone": ["PA5", "PA6", "PA9", "", "PA10"], "Porth": ["CF39"], "Bathgate": ["EH47", "EH48"], "Much Wenlock": ["TF13"], "Southwell, Nottinghamshire": ["NG25"], "Newport-on-Tay": ["DD6"], "Great Torrington": ["EX38"], "Eigg": ["PH42"], "Seascale": ["CA20"], "Bridport": ["DT6"], "Kilbirnie": ["KA25"], "Gateshead": ["NE8", "NE9", "", "NE10", "NE11", "", "NE92"], "Dronfield": ["S18"], "Washington, Tyne and Wear": ["NE37", "NE38"], "Cowdenbeath": ["KY4"], "Boncath": ["SA37"], "Lancaster, Lancashire": ["LA1", "LA2"], "Hassocks": ["BN6"], "Rushden": ["NN10"], "Grimsby": ["DN31", "DN32", "DN33", "DN34", "DN36", "DN37", "", "DN41"], "Holyhead": ["LL65"], "Wells, Somerset": ["BA5"], "Loanhead": ["EH20"], "Dumbarton": ["G82"], "Wooler": ["NE71"], "St Andrews": ["KY16"], "Dewsbury": ["WF12", "WF13"], "Barnoldswick": ["BB18", "", "BB94"], "Cobham, Surrey": ["KT11"], "Studley, Warwickshire": ["B80"], "Maryport": ["CA15"], "Llanbedrgoch": ["LL76"], "Iver": ["SL0"], "Shanklin": ["PO36", "", "", "PO37"], "Ferndale, Rhondda Cynon Taf": ["CF43"], "Guisborough": ["TS14"], "Penicuik": ["EH26"], "Bo%27ness": ["EH51"], "Martock": ["TA12"], "Tadcaster": ["LS24"], "Woodhall Spa": ["LN10"], "Belfast": ["BT1", "BT2", "BT3", "BT4", "BT5", "BT6", "BT7", "BT8", "BT9", "", "BT10", "BT11", "BT12", "BT13", "BT14", "BT15", "BT16", "BT17", "", "BT29"], "Chulmleigh": ["EX18"], "Pontefract": ["WF7", "WF8", "WF9"], "Brockenhurst": ["SO42"], "Llandinam": ["SY17"], "Accrington": ["BB5"], "Aughnacloy, County Tyrone": ["BT69"], "Beckermet": ["CA21"], "Ryton, Tyne and Wear": ["NE40"], "Leyburn": ["DL8"], "St Austell": ["PL25", "PL26"], "Abingdon-on-Thames": ["OX13", "OX14"], "Isle of Bute": ["PA20"], "Beauly": ["IV4"], "Brynteg, Anglesey": ["LL78"], "Cradley Heath": ["B64"], "Lampeter": ["SA48"], "Bedworth": ["CV12"], "Heriot, Scottish Borders": ["EH38"], "Westerham": ["TN16"], "Stonehaven": ["AB39"], "Bolton": ["BL1", "BL2", "BL3", "BL4", "BL5", "BL6", "BL7", "", "BL11", "", "BL78"], "Hastings": ["TN34", "TN35"], "Whyteleafe": ["CR3"], "Westgate-on-Sea": ["CT8"], "Darwen": ["BB3"], "Fort William, Scotland": ["PH33"], "Stourport-on-Severn": ["DY13"], "Callington, Cornwall": ["PL17"], "Stocksfield": ["NE43"], "Henley-on-Thames": ["RG9"], "Fochabers": ["IV32"], "Knutsford": ["WA16"], "Weymouth, Dorset": ["DT3", "DT4"], "Willenhall": ["WV1", "", "", "WV12", "WV13"], "North Ferriby": ["HU14"], "Broseley": ["TF12"], "Bucknell, Shropshire": ["SY7"], "Leighton Buzzard": ["LU7"], "Mountain Ash, Rhondda Cynon Taf": ["CF45"], "Lutterworth": ["LE17"], "Berriedale, Highland": ["KW7"], "Knaresborough": ["HG5"], "Royal Leamington Spa": ["CV31", "CV32", "CV33"], "Smethwick": ["B66", "B67"], "Kirknewton, West Lothian": ["EH27"], "Canvey Island": ["SS8"], "Humbie": ["EH36"], "Brierley Hill": ["DY5"], "Tiverton, Devon": ["EX16"], "West Drayton": ["UB7", "UB8", ""], "Ilford": ["IG1", "IG2", "IG3", "IG4", "IG5", "IG6"], "Hamilton, South Lanarkshire": ["ML3"], "Leiston": ["IP16"], "Rossendale": ["BB4"], "Northwich": ["CW8", "CW9"], "Yarm": ["TS15"], "Larkhall": ["ML9"], "Cookstown": ["BT80"], "Wemyss Bay": ["PA18"], "Canonbie": ["DG14"], "Darlington": ["DL1", "DL2", "DL3", "", "DL98"], "Burntisland": ["KY3"], "Wells-next-the-Sea": ["NR23"], "Southampton": ["SO14", "SO15", "SO16", "SO17", "SO18", "SO19", "", "SO30", "SO31", "SO32", "", "SO40", "", "SO45", "", "SO52", "", "SO97"], "Ilkeston": ["DE7"], "Canna, Scotland": ["PH44"], "Market Rasen": ["LN7", "LN8"], "Pontypool": ["NP4"], "Fowey": ["PL23"], "Halifax, West Yorkshire": ["HX1", "", "HX2", "HX3", "HX4"], "Stevenston": ["KA20"], "Chester-le-Street": ["DH2", "DH3"], "Harleston, Norfolk": ["IP20"], "Blackburn": ["BB1", "BB2", "BB6"], "Kingsbridge": ["TQ7"], "Horncastle, Lincolnshire": ["LN9"], "Lockerbie": ["DG11"], "Newbury, Berkshire": ["RG14", "", "RG20"], "Congleton": ["CW12"], "Hindhead": ["GU26", "GU27", ""], "Hawick": ["TD9"], "Portsmouth": ["PO1", "PO2", "PO3", "PO6"], "Middlesbrough": ["TS1", "TS2", "TS3", "TS4", "TS5", "TS6", "TS7", "TS8", "TS9"], "Iona": ["PA76"], "Langport": ["TA10"], "Newport Pagnell": ["MK16"], "Chard, Somerset": ["TA20"], "Pulborough": ["RH20"], "Merriott": ["TA16"], "Fleet, Hampshire": ["GU51", "GU52"], "Ellesmere Port": ["CH34", "", "CH65", "CH66"], "Somerton": ["TA11"], "Tarbert, Argyll and Bute": ["PA29"], "Purfleet": ["RM19"], "Monmouth": ["NP25"], "Inverness": ["IV1", "IV2", "IV3", "IV5", "", "IV13", "", "IV63", "", "IV99"], "Inverurie": ["AB51"], "Gatwick Airport": ["RH6"], "Plockton": ["IV52"], "Llandrindod Wells": ["LD1"], "Moreton-in-Marsh": ["GL56"], "Bushmills": ["BT57"], "Hornsea": ["HU18"], "Withernsea": ["HU19"], "Cirencester": ["GL7"], "Llanfairfechan": ["LL33"], "Caterham": ["CR3"], "Guernsey": ["GY1", "GY2", "GY3", "GY4", "GY5", "GY6", "GY7", "GY8", "GY9", "", "GY10"], "Tiree": ["PA77"], "Caledon, County Tyrone": ["BT68"], "Alford, Aberdeenshire": ["AB33"], "Cockermouth": ["CA13"], "Coatbridge": ["ML5"], "Fairbourne": ["LL38"], "Newport, Wales": ["NP10", "NP11", "NP18", "NP19", "", "NP20"], "Farnham": ["GU9", "", "GU10"], "Alva, Clackmannanshire": ["FK12"], "Sudbury, Suffolk": ["CO10"], "Newark-on-Trent": ["NG22", "NG23", "NG24"], "Gigha": ["PA41"], "Beaminster": ["DT8"], "Linlithgow": ["EH49"], "Llansantffraid-ym-Mechain": ["SY22"], "Launceston, Cornwall": ["PL15"], "Teddington": ["TW11"], "Tenterden": ["TN30"], "Rosewell, Midlothian": ["EH24"], "Oxford": ["OX1", "OX2", "OX3", "OX4", "", "OX33", "", "OX44"], "West Bromwich": ["B70", "B71"], "Lydney": ["GL15"], "Sherborne": ["DT9"], "Tipton": ["DY4"], "Hillsborough, County Down": ["BT26"], "Southminster": ["CM0"], "Spean Bridge": ["PH34"], "Harrogate": ["HG1", "HG2", "HG3"], "Grange-over-Sands": ["LA11"], "Harlech": ["LL46"], "West Malling": ["ME6", "", "ME19"], "Sidmouth": ["EX10"], "Choppington": ["NE62"], "Pevensey": ["BN24"], "Alfreton": ["DE55"], "Kirkby-in-Furness": ["LA17"], "Crewe": ["CW1", "CW2", "CW3", "CW4", "", "CW98"], "Woodford Green": ["IG8"], "Erskine": ["PA8"], "Gaerwen": ["LL60"], "Dalbeattie": ["DG5"], "Seaham": ["SR7"], "Musselburgh": ["EH21"], "Ramsgate": ["CT11", "CT12"], "Leyland, Lancashire": ["PR25", "PR26"], "East Molesey": ["KT8"], "St Neots": ["PE19"], "Yelverton, Devon": ["PL20"], "Bushey": ["WD23"], "Callander": ["FK17", "FK18"], "Auchterarder": ["PH3", "PH4"], "Camberley": ["GU15", "GU16", "GU17", "", "GU95"], "Rowley Regis": ["B65"], "Rhosgoch": ["LL66"], "Virginia Water": ["GU25"], "Liskeard": ["PL14"], "Louth, Lincolnshire": ["LN11"], "Gourock": ["PA19"], "Orpington": ["BR5", "BR6"], "Millom": ["LA18", "LA19"], "Banbury": ["OX15", "OX16", "OX17"], "Market Harborough": ["LE16"], "Worksop": ["S80", "S81"], "Richmond, London": ["TW9", "", "TW10"], "Broughton-in-Furness": ["LA20"], "Ware, Hertfordshire": ["SG11", "SG12"], "Holmfirth": ["HD9"], "Halkirk": ["KW12"], "Chester": ["CH1", "CH2", "CH3", "CH4", "", "CH70", "", "CH88", "", "CH99"], "Beaumaris": ["LL58"], "Bicester": ["OX25", "OX26", "OX27"], "Margate": ["CT9"], "Bingley": ["BD16", "", "BD97"], "Muir of Ord": ["IV6"], "Porthmadog": ["LL49"], "Selby": ["YO8"], "Swanage": ["BH19"], "Peterculter": ["AB14"], "Stanford-le-Hope": ["SS17"], "South Croydon": ["CR2"], "Basildon": ["SS13", "SS14", "SS15", "SS16"], "Shifnal": ["TF11"], "Teignmouth": ["TQ14"], "Olney, Buckinghamshire": ["MK46"], "Caersws": ["SY17"], "Belvedere, London": ["DA17"], "Rhayader": ["LD6"], "Swanscombe": ["DA10"], "Cheadle, Greater Manchester": ["SK8"], "Bradford": ["BD1", "BD2", "BD3", "BD4", "BD5", "BD6", "BD7", "BD8", "BD9", "", "BD10", "BD11", "BD12", "BD13", "BD14", "BD15", "", "BD98", "", "", "BD99"], "Frome": ["BA11"], "Newcastle Emlyn": ["SA38"], "Isles of Scilly": ["TR21", "TR22", "TR23", "TR24", "TR25"], "Godstone": ["RH9"], "Poole": ["BH12", "BH13", "BH14", "BH15", "BH16", "BH17"], "Stalybridge": ["SK15"], "Walsall": ["WS1", "WS2", "WS3", "WS4", "WS5", "WS6", "WS8", "WS9"], "Ullapool": ["IV26"], "Manningtree": ["CO11"], "Ingatestone": ["CM4"], "Gillingham, Dorset": ["SP8"], "Hunstanton": ["PE36"], "Crianlarich": ["FK20"], "Helmsdale": ["KW8"], "Otley": ["LS21"], "Heywood, Greater Manchester": ["OL10"], "Corby": ["NN17", "NN18"], "Tarporley": ["CW6"], "Omagh": ["BT78", "BT79"], "Taynuilt": ["PA35"], "Hawes": ["DL8"], "Wallsend": ["NE28"], "Lichfield": ["WS13", "WS14"], "Melksham": ["SN12"], "Goole": ["DN14"], "Thornhill, Dumfries and Galloway": ["DG3"], "Carlisle, Cumbria": ["CA1", "CA2", "CA3", "CA4", "CA5", "CA6", "", "CA99"], "Henlow": ["SG16"], "Bishop%27s Castle": ["SY9"], "Upminster": ["RM14"], "Leven, Fife": ["KY8", "KY9"], "Sandhurst, Berkshire": ["GU47"], "Arbroath": ["DD11"], "Hungerford": ["RG17"], "Dover": ["CT15", "CT16", "CT17"], "Dyffryn Ardudwy": ["LL44"], "Stockton-on-Tees": ["TS16", "TS17", "TS18", "TS19", "", "TS20", "TS21"], "Leek, Staffordshire": ["ST13"], "North Uist": ["HS6"], "Herne Bay, Kent": ["CT6"]}
